{
  "r": [
    0.5,
    0.6,
    0.7,
    0.8,
    0.9,
    1.0,
    1.1,
    1.2,
    1.3,
    1.4,
    1.5
  ],
  "nll": [
    13.473937,
    4.784595,
    -2.472528,
    -7.493178,
    -10.272384,
    -11.099225,
    -10.511231,
    -8.943996,
    -6.571483,
    -3.546051,
    0.0
  ],
  "bf": [
    0.0
  ],
  "time": 0.005080566000060571
}