{
  "r": [
    0.5,
    0.6,
    0.7,
    0.8,
    0.9,
    1.0,
    1.1,
    1.2,
    1.3,
    1.4,
    1.5
  ],
  "nll": [
    24.573176,
    15.883822,
    8.626699,
    3.606053,
    0.82685,
    0.00014,
    0.587994,
    2.155298,
    4.527764,
    7.553187,
    11.09923
  ],
  "bf": [
    1.0
  ],
  "time": 0.008659039000121993
}