{
  "r": [
    1.0,
    0.5,
    0.52,
    0.54,
    0.56,
    0.58,
    0.6,
    0.62,
    0.64,
    0.66,
    0.68,
    0.7,
    0.72,
    0.74,
    0.76,
    0.78,
    0.8,
    0.82,
    0.84,
    0.86,
    0.88,
    0.9,
    0.92,
    0.94,
    0.96,
    0.98,
    1.02,
    1.04,
    1.06,
    1.08,
    1.1,
    1.14,
    1.16,
    1.18,
    1.2,
    1.22,
    1.24,
    1.26,
    1.28,
    1.3,
    1.32,
    1.34,
    1.36,
    1.38,
    1.4,
    1.42,
    1.44,
    1.46,
    1.48,
    1.5
  ],
  "nll": [
    -1.0,
    23.573135,
    21.781816,
    20.006966,
    18.258461,
    16.547071,
    14.883856,
    13.27952,
    11.744064,
    10.285882,
    8.911748,
    7.626778,
    6.434046,
    5.335582,
    4.331891,
    3.422476,
    2.606046,
    1.880698,
    1.244097,
    0.693553,
    0.226222,
    -0.160915,
    -0.472012,
    -0.709623,
    -0.875476,
    -0.970558,
    -0.974066,
    -0.901196,
    -0.784966,
    -0.625709,
    -0.424926,
    0.09548,
    0.411844,
    0.763228,
    1.148136,
    1.565133,
    2.012816,
    2.489948,
    2.995128,
    3.527273,
    4.085173,
    4.667797,
    5.273938,
    5.902734,
    6.553213,
    7.224338,
    7.915347,
    8.625387,
    9.353576,
    10.099223
  ],
  "bf": [
    1.0
  ],
  "time": 2.2636367699999482
}