{
  "r": [
    1.0,
    0.5,
    0.6,
    0.7,
    0.8,
    0.9,
    1.1,
    1.2,
    1.3,
    1.4,
    1.5
  ],
  "nll": [
    -1.0,
    23.573135,
    14.883856,
    7.626778,
    2.606046,
    -0.160915,
    -0.424926,
    1.148136,
    3.527273,
    6.553213,
    10.099223
  ],
  "bf": [
    1.0
  ],
  "time": 2.230050186000085
}