{
  "r": [
    1.0,
    0.5,
    0.6,
    0.7,
    0.8,
    0.9,
    1.1,
    1.2,
    1.3,
    1.4,
    1.5
  ],
  "nll": [
    -0.0,
    24.573135,
    15.883856,
    8.626778,
    3.606046,
    0.839085,
    0.575074,
    2.148136,
    4.527273,
    7.553213,
    11.099223
  ],
  "bf": [
    1.0
  ],
  "time": 2.4341827769999327
}