{
  "r": [
    0.5,
    0.6,
    0.7,
    0.8,
    0.9,
    1.0,
    1.1,
    1.2,
    1.3,
    1.4,
    1.5
  ],
  "nll": [
    51.162776,
    35.703093,
    25.676938,
    16.582676,
    9.343679,
    4.164339,
    0.818101,
    -0.98748,
    -1.508606,
    -1.091786,
    0.0
  ],
  "bf": [
    -0.000203
  ],
  "time": 0.054753568000023733
}