{
  "r": [
    1.0,
    0.5,
    0.6,
    0.7,
    0.8,
    0.9,
    1.1,
    1.2,
    1.3,
    1.4,
    1.5
  ],
  "nll": [
    5.673115,
    46.554413,
    37.059273,
    27.18568,
    18.091432,
    10.852444,
    2.332942,
    0.530782,
    0.000177,
    0.407436,
    1.497679
  ],
  "bf": [
    1.297808
  ],
  "time": 2.270846168999981
}