{
  "r": [
    1.0,
    0.5,
    0.6,
    0.7,
    0.8,
    0.9,
    1.1,
    1.2,
    1.3,
    1.4,
    1.5
  ],
  "nll": [
    6.112301,
    91.102116,
    60.134041,
    37.995705,
    22.712422,
    12.546872,
    2.357405,
    0.507417,
    4.8e-05,
    0.430382,
    1.507855
  ],
  "bf": [
    1.296524
  ],
  "time": 3.305806064999956
}