{
  "r": [
    0.5,
    0.6,
    0.7,
    0.8,
    0.9,
    1.0,
    1.1,
    1.2,
    1.3,
    1.4,
    1.5
  ],
  "nll": [
    52.671557,
    37.211955,
    27.185721,
    18.091451,
    10.852485,
    5.673122,
    2.326872,
    0.521288,
    0.000176,
    0.417033,
    1.508767
  ],
  "bf": [
    1.297834
  ],
  "time": 0.0209718219999786
}