{
  "r": [
    0.5,
    0.52,
    0.54,
    0.56,
    0.58,
    0.6,
    0.62,
    0.64,
    0.66,
    0.68,
    0.7,
    0.72,
    0.74,
    0.76,
    0.78,
    0.8,
    0.82,
    0.84,
    0.86,
    0.88,
    0.9,
    0.92,
    0.94,
    0.96,
    0.98,
    1.0,
    1.02,
    1.04,
    1.06,
    1.08,
    1.1,
    1.12,
    1.14,
    1.16,
    1.18,
    1.2,
    1.22,
    1.24,
    1.26,
    1.28,
    1.3,
    1.32,
    1.34,
    1.36,
    1.38,
    1.4,
    1.42,
    1.44,
    1.46,
    1.48,
    1.5
  ],
  "nll": [
    52.671557,
    48.823359,
    45.390443,
    42.333216,
    39.617248,
    37.21188,
    35.090151,
    33.108126,
    31.123008,
    29.144872,
    27.185705,
    25.258252,
    23.37465,
    21.546354,
    19.782793,
    18.091444,
    16.477789,
    14.945505,
    13.496746,
    12.132415,
    10.852449,
    9.656031,
    8.541796,
    7.507968,
    6.552493,
    5.67311,
    4.867447,
    4.133,
    3.466437,
    2.86496,
    2.326869,
    1.850623,
    1.434431,
    1.076113,
    0.772412,
    0.521287,
    0.322021,
    0.172962,
    0.071885,
    0.015621,
    0.000163,
    0.021607,
    0.076469,
    0.161919,
    0.275877,
    0.416981,
    0.584587,
    0.777966,
    0.997153,
    1.241299,
    1.508803
  ],
  "bf": [
    1.297834
  ],
  "time": 0.021257192999996732
}