{
  "r": [
    0.5,
    0.6,
    0.7,
    0.8,
    0.9,
    1.0,
    1.1,
    1.2,
    1.3,
    1.4,
    1.5
  ],
  "nll": [
    52.671558,
    37.211876,
    27.18572,
    18.091459,
    10.852462,
    5.673122,
    2.326884,
    0.521303,
    0.000177,
    0.416997,
    1.508783
  ],
  "bf": [
    1.298097
  ],
  "time": 0.03437818200018228
}