{
  "r": [
    1.0,
    0.5,
    0.6,
    0.7,
    0.8,
    0.9,
    1.1,
    1.2,
    1.3,
    1.4,
    1.5
  ],
  "nll": [
    5.673092,
    46.55439,
    37.05925,
    27.185657,
    18.091409,
    10.852421,
    2.332919,
    0.530759,
    0.000154,
    0.407413,
    1.497656
  ],
  "bf": [
    1.297808
  ],
  "time": 3.7657949750000625
}