{
  "r": [
    1.0,
    0.5,
    0.6,
    0.7,
    0.8,
    0.9,
    1.1,
    1.2,
    1.3,
    1.4,
    1.5
  ],
  "nll": [
    613.125869,
    649.247596,
    634.86992,
    624.671726,
    617.986124,
    614.28021,
    614.176142,
    617.147311,
    621.805169,
    627.95451,
    635.431427
  ],
  "bf": [
    1.0
  ],
  "time": 2.172398205000036
}