{
  "r": [
    1.0,
    0.5,
    0.6,
    0.7,
    0.8,
    0.9,
    1.1,
    1.2,
    1.3,
    1.4,
    1.5
  ],
  "nll": [
    614.125869,
    650.247596,
    635.86992,
    625.671726,
    618.986124,
    615.28021,
    615.176142,
    618.147311,
    622.805169,
    628.95451,
    636.431427
  ],
  "bf": [
    1.0
  ],
  "time": 2.2513773000000015
}