{
  "r": [
    1.0,
    0.5,
    0.52,
    0.54,
    0.56,
    0.58,
    0.6,
    0.62,
    0.64,
    0.66,
    0.68,
    0.7,
    0.72,
    0.74,
    0.76,
    0.78,
    0.8,
    0.82,
    0.84,
    0.86,
    0.88,
    0.9,
    0.92,
    0.94,
    0.96,
    0.98,
    1.02,
    1.04,
    1.06,
    1.08,
    1.1,
    1.12,
    1.14,
    1.16,
    1.18,
    1.2,
    1.22,
    1.24,
    1.26,
    1.28,
    1.3,
    1.32,
    1.34,
    1.36,
    1.38,
    1.4,
    1.42,
    1.44,
    1.46,
    1.48,
    1.5
  ],
  "nll": [
    613.125869,
    649.247596,
    646.000324,
    642.94572,
    640.076835,
    637.38702,
    634.86992,
    632.519462,
    630.329839,
    628.295503,
    626.411154,
    624.671726,
    623.072372,
    621.608465,
    620.275631,
    619.069508,
    617.986124,
    617.021601,
    616.172227,
    615.43445,
    614.804865,
    614.28021,
    613.857361,
    613.533319,
    613.30521,
    613.170277,
    613.169446,
    613.298564,
    613.510876,
    613.804126,
    614.176142,
    614.624837,
    615.148201,
    615.744299,
    616.411268,
    617.147311,
    617.950697,
    618.819758,
    619.752884,
    620.748521,
    621.805169,
    622.921382,
    624.095758,
    625.32695,
    626.613648,
    627.95451,
    629.348465,
    630.794258,
    632.290748,
    633.83683,
    635.431427
  ],
  "bf": [
    1.0
  ],
  "time": 2.2155401290000327
}