{
  "r": [
    0.5,
    0.52,
    0.54,
    0.56,
    0.58,
    0.6,
    0.62,
    0.64,
    0.66,
    0.68,
    0.7,
    0.72,
    0.74,
    0.76,
    0.78,
    0.8,
    0.82,
    0.84,
    0.86,
    0.88,
    0.9,
    0.92,
    0.94,
    0.96,
    0.98,
    1.0,
    1.02,
    1.04,
    1.06,
    1.08,
    1.1,
    1.12,
    1.14,
    1.16,
    1.18,
    1.2,
    1.22,
    1.24,
    1.26,
    1.28,
    1.3,
    1.32,
    1.34,
    1.36,
    1.38,
    1.4,
    1.42,
    1.44,
    1.46,
    1.48,
    1.5
  ],
  "nll": [
    80.025533,
    75.127836,
    70.441492,
    65.959755,
    61.67611,
    57.584272,
    53.678179,
    49.951989,
    46.400074,
    43.017017,
    39.797603,
    36.736815,
    33.829825,
    31.071991,
    28.458847,
    25.986096,
    23.649609,
    21.445411,
    19.369681,
    17.418742,
    15.589055,
    13.877217,
    12.279952,
    10.794105,
    9.416639,
    8.144631,
    6.975262,
    5.905819,
    4.933686,
    4.05634,
    3.271352,
    2.576376,
    1.969149,
    1.447487,
    1.009284,
    0.652505,
    0.375184,
    0.175422,
    0.051385,
    0.001298,
    0.023447,
    0.116174,
    0.277873,
    0.506991,
    0.802025,
    1.16152,
    1.584066,
    2.068298,
    2.612891,
    3.216563,
    3.878071
  ],
  "bf": [
    1.283754
  ],
  "time": 0.0029293129999814482
}