{
  "r": [
    1.0,
    0.5,
    0.6,
    0.7,
    0.8,
    0.9,
    1.1,
    1.2,
    1.3,
    1.4,
    1.5
  ],
  "nll": [
    8.144685,
    80.025537,
    57.584272,
    39.797603,
    25.986148,
    15.589058,
    3.271354,
    0.652522,
    0.023515,
    1.161521,
    3.878072
  ],
  "bf": [
    1.283833
  ],
  "time": 2.1814558230000216
}