{
  "r": [
    0.5,
    0.6,
    0.7,
    0.8,
    0.9,
    1.0,
    1.1,
    1.2,
    1.3,
    1.4,
    1.5
  ],
  "nll": [
    80.025533,
    57.584277,
    39.797603,
    25.986101,
    15.589168,
    8.14469,
    3.271386,
    0.652525,
    0.02346,
    1.161528,
    3.878077
  ],
  "bf": [
    1.283754
  ],
  "time": 0.0073078099999293045
}