{
  "r": [
    0.5,
    0.6,
    0.7,
    0.8,
    0.9,
    1.0,
    1.1,
    1.2,
    1.3,
    1.4,
    1.5
  ],
  "nll": [
    76.147461,
    53.7062,
    35.919531,
    22.108024,
    11.710984,
    4.266559,
    -0.606719,
    -3.225567,
    -3.854624,
    -2.716551,
    0.0
  ],
  "bf": [
    1.048358
  ],
  "time": 0.016300153000202044
}