{
  "r": [
    1.0,
    0.5,
    0.6,
    0.7,
    0.8,
    0.9,
    1.1,
    1.2,
    1.3,
    1.4,
    1.5
  ],
  "nll": [
    708.846478,
    780.72733,
    758.286065,
    740.499396,
    726.687941,
    716.290851,
    703.973147,
    701.354315,
    700.725308,
    701.863314,
    704.579865
  ],
  "bf": [
    1.283833
  ],
  "time": 2.252388112999995
}