{
  "r": [
    1.0,
    0.5,
    0.6,
    0.7,
    0.8,
    0.9,
    1.1,
    1.2,
    1.3,
    1.4,
    1.5
  ],
  "nll": [
    0.002067,
    39.3563,
    20.571272,
    9.87584,
    3.871687,
    0.876246,
    0.753028,
    2.858736,
    6.077559,
    10.304385,
    15.452848
  ],
  "bf": [
    1.0
  ],
  "time": 3.873215183999946
}