{
  "r": [
    1.0,
    0.5,
    0.6,
    0.7,
    0.8,
    0.9,
    1.1,
    1.2,
    1.3,
    1.4,
    1.5
  ],
  "nll": [
    0.003238,
    41.805671,
    23.769319,
    12.065669,
    4.895795,
    1.147936,
    1.01161,
    3.886121,
    8.450273,
    14.046674,
    20.943181
  ],
  "bf": [
    1.0
  ],
  "time": 2.7448407580000094
}