{
  "r": [
    0.5,
    0.6,
    0.7,
    0.8,
    0.9,
    1.0,
    1.1,
    1.2,
    1.3,
    1.4,
    1.5
  ],
  "nll": [
    41.788549,
    23.752843,
    12.05204,
    4.887001,
    1.132232,
    1.1e-05,
    1.026027,
    3.899173,
    8.318812,
    14.062364,
    20.964275
  ],
  "bf": [
    1.0
  ],
  "time": 42.705292653000015
}