{
  "r": [
    1.0,
    0.5,
    0.6,
    0.7,
    0.8,
    0.9,
    1.1,
    1.2,
    1.3,
    1.4,
    1.5
  ],
  "nll": [
    0.005949,
    37.723291,
    19.796436,
    9.515377,
    3.730666,
    0.846216,
    0.725029,
    2.747027,
    5.821339,
    9.847191,
    14.738421
  ],
  "bf": [
    1.0
  ],
  "time": 3.672127086000046
}