{
  "r": [
    0.5,
    0.6,
    0.7,
    0.8,
    0.9,
    1.0,
    1.1,
    1.2,
    1.3,
    1.4,
    1.5
  ],
  "nll": [
    4029.652015,
    17.936992,
    9.033684,
    3.64097,
    0.834659,
    0.000166,
    0.72956,
    2.750421,
    5.848102,
    9.862937,
    14.673848
  ],
  "bf": [
    1.0
  ],
  "time": 534.8961842360001
}