{
  "r": [
    0.5,
    0.6,
    0.7,
    0.8,
    0.9,
    1.0,
    1.1,
    1.2,
    1.3,
    1.4,
    1.5
  ],
  "nll": [
    41.788549,
    23.75279,
    12.052031,
    4.886837,
    1.132221,
    0.0,
    1.025896,
    3.899004,
    8.318788,
    14.062317,
    20.964181
  ],
  "bf": [
    1.0
  ],
  "time": 0.015968900000189024
}