{
  "r": [
    0.5,
    0.6,
    0.7,
    0.8,
    0.9,
    1.0,
    1.1,
    1.2,
    1.3,
    1.4,
    1.5
  ],
  "nll": [
    4029.652015,
    18.723943,
    9.423771,
    3.795655,
    0.870094,
    7.3e-05,
    0.761328,
    2.870291,
    6.099205,
    10.281571,
    15.290301
  ],
  "bf": [
    1.0
  ],
  "time": 377.104118598
}