{
  "r": [
    0.5,
    0.6,
    0.7,
    0.8,
    0.9,
    1.0,
    1.1,
    1.2,
    1.3,
    1.4,
    1.5
  ],
  "nll": [
    46.9079,
    28.042091,
    15.475664,
    7.370818,
    2.583657,
    0.349477,
    0.138677,
    1.694011,
    4.79373,
    9.193554,
    14.667628
  ],
  "bf": [
    1.060947
  ],
  "time": 127.2613971799999
}