{
  "r": [
    1.0,
    0.5,
    0.6,
    0.7,
    0.8,
    0.9,
    1.1,
    1.2,
    1.3,
    1.4,
    1.5
  ],
  "nll": [
    0.429507,
    53.860366,
    29.916362,
    15.624357,
    7.227846,
    2.578081,
    0.037312,
    0.942369,
    2.854808,
    5.582675,
    8.98562
  ],
  "bf": [
    1.07586
  ],
  "time": 4.872345228999961
}