{
  "r": [
    0.5,
    0.6,
    0.7,
    0.8,
    0.9,
    1.0,
    1.1,
    1.2,
    1.3,
    1.4,
    1.5
  ],
  "nll": [
    -600.992277,
    -616.305468,
    -626.481777,
    -633.065815,
    -637.01435,
    -638.960085,
    -639.349979,
    -638.410046,
    -636.335124,
    -633.328054,
    -629.558898
  ],
  "bf": [
    1.471276
  ],
  "time": 1131.524997591
}