{
  "r": [
    1.0,
    0.5,
    0.6,
    0.7,
    0.8,
    0.9,
    1.1,
    1.2,
    1.3,
    1.4,
    1.5
  ],
  "nll": [
    0.306882,
    47.092179,
    28.103295,
    15.453034,
    7.301561,
    2.502187,
    0.141681,
    1.767597,
    4.974359,
    9.502173,
    15.141714
  ],
  "bf": [
    1.059281
  ],
  "time": 3.8253673830001844
}