{
  "r": [
    1.0,
    0.5,
    0.6,
    0.7,
    0.8,
    0.9,
    1.1,
    1.2,
    1.3,
    1.4,
    1.5
  ],
  "nll": [
    0.12334,
    53.322535,
    28.540896,
    14.173563,
    6.025399,
    1.780091,
    0.28323,
    1.792188,
    4.350198,
    7.765452,
    11.909652
  ],
  "bf": [
    1.038474
  ],
  "time": 4.428162294000003
}