{
  "r": [
    0.5,
    0.6,
    0.7,
    0.8,
    0.9,
    1.0,
    1.1,
    1.2,
    1.3,
    1.4,
    1.5
  ],
  "nll": [
    -583.441521,
    -598.982478,
    -609.209613,
    -615.732657,
    -619.545687,
    -621.307811,
    -621.470936,
    -620.26105,
    -617.896049,
    -614.592911,
    -610.519089
  ],
  "bf": [
    1.499386
  ],
  "time": 390.672086263
}