{
  "r": [
    0.5,
    0.6,
    0.7,
    0.8,
    0.9,
    1.0,
    1.1,
    1.2,
    1.3,
    1.4,
    1.5
  ],
  "nll": [
    46.907899,
    28.042087,
    15.475648,
    7.370771,
    2.58362,
    0.349364,
    0.138655,
    1.693844,
    4.793704,
    9.193543,
    14.667599
  ],
  "bf": [
    -0.660606
  ],
  "time": 1.9988417770000524
}