{
  "r": [
    0.5,
    0.6,
    0.7,
    0.8,
    0.9,
    1.0,
    1.1,
    1.2,
    1.3,
    1.4,
    1.5
  ],
  "nll": [
    46.9079,
    28.042091,
    15.475664,
    7.370828,
    2.583658,
    0.349374,
    0.138685,
    1.693994,
    4.793767,
    9.19356,
    14.667668
  ],
  "bf": [
    1.060947
  ],
  "time": 227.55667690600012
}