{
  "r": [
    1.0,
    0.5,
    0.6,
    0.7,
    0.8,
    0.9,
    1.1,
    1.2,
    1.3,
    1.4,
    1.5
  ],
  "nll": [
    -0.0,
    16.751911,
    10.235045,
    5.402253,
    2.236577,
    0.517304,
    0.390383,
    1.454254,
    3.071859,
    5.138246,
    7.570519
  ],
  "bf": [
    1.0
  ],
  "time": 1.942228580000119
}