{
  "r": [
    0.5,
    0.6,
    0.7,
    0.8,
    0.9,
    1.0,
    1.1,
    1.2,
    1.3,
    1.4,
    1.5
  ],
  "nll": [
    9.180596,
    2.663721,
    -2.169064,
    -5.341165,
    -7.06484,
    -7.571317,
    -7.171051,
    -6.105529,
    -4.491049,
    -2.429293,
    0.0
  ],
  "bf": [
    1.0
  ],
  "time": 0.0042310199999064935
}