{
  "r": [
    0.5,
    0.6,
    0.7,
    0.8,
    0.9,
    1.0,
    1.1,
    1.2,
    1.3,
    1.4,
    1.5
  ],
  "nll": [
    16.751916,
    10.235038,
    5.402254,
    2.230153,
    0.506492,
    3e-06,
    0.400271,
    1.465795,
    3.080389,
    5.142025,
    7.571476
  ],
  "bf": [
    1.0
  ],
  "time": 0.00838698799998383
}