{
  "r": [
    0.5,
    0.6,
    0.7,
    0.8,
    0.9,
    1.0,
    1.1,
    1.2,
    1.3,
    1.4,
    1.5
  ],
  "nll": [
    34.105376,
    25.248142,
    17.326632,
    10.90459,
    6.066749,
    2.652489,
    0.446932,
    -0.74175,
    -1.085396,
    -0.785615,
    0.0
  ],
  "bf": [
    1.298134
  ],
  "time": 0.024141957999972874
}