{
  "r": [
    1.0,
    0.5,
    0.6,
    0.7,
    0.8,
    0.9,
    1.1,
    1.2,
    1.3,
    1.4,
    1.5
  ],
  "nll": [
    3.741619,
    35.190962,
    26.333662,
    18.412243,
    11.990162,
    7.152268,
    1.543315,
    0.354146,
    0.000132,
    0.338022,
    1.250818
  ],
  "bf": [
    1.298019
  ],
  "time": 2.2637162369996986
}