{
  "r": [
    1.0,
    0.5,
    0.6,
    0.7,
    0.8,
    0.9,
    1.1,
    1.2,
    1.3,
    1.4,
    1.5
  ],
  "nll": [
    3.741592,
    35.19096,
    26.333662,
    18.41223,
    11.990161,
    7.152268,
    1.543221,
    0.351028,
    0.00013,
    0.292539,
    1.075982
  ],
  "bf": [
    1.298032
  ],
  "time": 2.9352161910001087
}