{
  "r": [
    0.5,
    0.6,
    0.7,
    0.8,
    0.9,
    1.0,
    1.1,
    1.2,
    1.3,
    1.4,
    1.5
  ],
  "nll": [
    35.190968,
    26.333656,
    18.412144,
    11.990118,
    7.152268,
    3.738,
    1.53245,
    0.343767,
    0.000115,
    0.299897,
    1.085512
  ],
  "bf": [
    1.298446
  ],
  "time": 0.01618824700017285
}