{
  "r": [
    0.5,
    0.52,
    0.54,
    0.56,
    0.58,
    0.6,
    0.62,
    0.64,
    0.66,
    0.68,
    0.7,
    0.72,
    0.74,
    0.76,
    0.78,
    0.8,
    0.82,
    0.84,
    0.86,
    0.88,
    0.9,
    0.92,
    0.94,
    0.96,
    0.98,
    1.0,
    1.02,
    1.04,
    1.06,
    1.08,
    1.1,
    1.12,
    1.14,
    1.16,
    1.18,
    1.2,
    1.22,
    1.24,
    1.26,
    1.28,
    1.3,
    1.32,
    1.34,
    1.36,
    1.38,
    1.4,
    1.42,
    1.44,
    1.46,
    1.48,
    1.5
  ],
  "nll": [
    18.619404,
    16.824348,
    15.147838,
    13.585437,
    12.132831,
    10.785683,
    9.539682,
    8.39057,
    7.334152,
    6.36632,
    5.483055,
    4.680443,
    3.954681,
    3.30208,
    2.71907,
    2.202204,
    1.748156,
    1.353725,
    1.015832,
    0.73152,
    0.49795,
    0.312403,
    0.172274,
    0.075069,
    0.018406,
    7e-06,
    0.017697,
    0.0694,
    0.153137,
    0.26702,
    0.409252,
    0.578118,
    0.771989,
    0.989312,
    1.228612,
    1.488484,
    1.767594,
    2.064675,
    2.378521,
    2.70799,
    3.051994,
    3.409505,
    3.779543,
    4.161183,
    4.553545,
    4.955796,
    5.367146,
    5.786849,
    6.214195,
    6.648515,
    7.089174
  ],
  "bf": [
    1.0
  ],
  "time": 0.006939450999993824
}