{
  "r": [
    1.0,
    0.5,
    0.52,
    0.54,
    0.56,
    0.58,
    0.6,
    0.62,
    0.64,
    0.66,
    0.68,
    0.7,
    0.72,
    0.74,
    0.76,
    0.78,
    0.8,
    0.82,
    0.84,
    0.86,
    0.88,
    0.9,
    0.92,
    0.94,
    0.96,
    0.98,
    1.02,
    1.04,
    1.06,
    1.08,
    1.1,
    1.12,
    1.14,
    1.16,
    1.18,
    1.2,
    1.22,
    1.24,
    1.26,
    1.28,
    1.3,
    1.32,
    1.34,
    1.36,
    1.38,
    1.4,
    1.44,
    1.46,
    1.48,
    1.5
  ],
  "nll": [
    -0.0,
    16.751902,
    15.326488,
    13.958263,
    12.651561,
    11.409643,
    10.23504,
    9.129337,
    8.093344,
    7.127195,
    6.230462,
    5.402251,
    4.641305,
    3.946084,
    3.314868,
    2.74586,
    2.236577,
    1.785509,
    1.390386,
    1.048832,
    0.758221,
    0.517304,
    0.324377,
    0.177965,
    0.07675,
    0.018553,
    0.017296,
    0.066987,
    0.146552,
    0.254563,
    0.390383,
    0.553365,
    0.742202,
    0.955814,
    1.193494,
    1.454253,
    1.737246,
    2.041293,
    2.365654,
    2.709435,
    3.071858,
    3.452183,
    3.8496,
    4.263539,
    4.693298,
    5.138243,
    6.071311,
    6.558296,
    7.058202,
    7.570516
  ],
  "bf": [
    1.0
  ],
  "time": 2.2668088349998925
}