{
  "r": [
    1.0,
    0.5,
    0.52,
    0.54,
    0.56,
    0.58,
    0.6,
    0.62,
    0.64,
    0.66,
    0.68,
    0.7,
    0.72,
    0.74,
    0.76,
    0.78,
    0.8,
    0.82,
    0.84,
    0.86,
    0.88,
    0.9,
    0.92,
    0.94,
    0.96,
    0.98,
    1.02,
    1.04,
    1.06,
    1.08,
    1.1,
    1.12,
    1.14,
    1.16,
    1.18,
    1.2,
    1.22,
    1.24,
    1.26,
    1.28,
    1.3,
    1.32,
    1.34,
    1.36,
    1.38,
    1.4,
    1.42,
    1.44,
    1.46,
    1.48,
    1.5
  ],
  "nll": [
    3.741584,
    35.190914,
    33.386013,
    31.590633,
    29.811809,
    28.056989,
    26.333627,
    24.648906,
    23.009189,
    21.420234,
    19.886676,
    18.412205,
    16.999356,
    15.649999,
    14.365212,
    13.145304,
    11.990143,
    10.898963,
    9.870919,
    8.904764,
    7.999066,
    7.152256,
    6.362667,
    5.628572,
    4.948208,
    4.319801,
    3.211808,
    2.728753,
    2.290736,
    1.89613,
    1.543216,
    1.230019,
    0.955267,
    0.717973,
    0.517023,
    0.351026,
    0.218243,
    0.117912,
    0.049266,
    0.01075,
    0.00013,
    0.014935,
    0.052831,
    0.112282,
    0.19232,
    0.292541,
    0.412626,
    0.551826,
    0.70908,
    0.884006,
    1.075984
  ],
  "bf": [
    1.298032
  ],
  "time": 2.588368030999959
}