{
  "r": [
    0.5,
    0.52,
    0.54,
    0.56,
    0.58,
    0.6,
    0.62,
    0.64,
    0.66,
    0.68,
    0.7,
    0.72,
    0.74,
    0.76,
    0.78,
    0.8,
    0.82,
    0.84,
    0.86,
    0.88,
    0.9,
    0.92,
    0.94,
    0.96,
    0.98,
    1.0,
    1.02,
    1.04,
    1.06,
    1.08,
    1.1,
    1.12,
    1.14,
    1.16,
    1.18,
    1.2,
    1.22,
    1.24,
    1.26,
    1.28,
    1.3,
    1.32,
    1.34,
    1.36,
    1.38,
    1.4,
    1.42,
    1.44,
    1.46,
    1.48,
    1.5
  ],
  "nll": [
    43.745189,
    40.798065,
    37.994688,
    35.331081,
    32.803196,
    30.406668,
    28.137362,
    25.99098,
    23.963209,
    22.049763,
    20.246389,
    18.548893,
    16.953147,
    15.455105,
    14.050809,
    12.736398,
    11.508113,
    10.362306,
    9.295432,
    8.304065,
    7.384885,
    6.534693,
    5.75039,
    5.029006,
    4.367657,
    3.763602,
    3.214155,
    2.716813,
    2.269052,
    1.868644,
    1.513167,
    1.200512,
    0.928674,
    0.695628,
    0.499457,
    0.338343,
    0.210542,
    0.114383,
    0.048269,
    0.01067,
    0.000126,
    0.015239,
    0.054674,
    0.117155,
    0.201462,
    0.306431,
    0.430949,
    0.573952,
    0.734428,
    0.911407,
    1.103964
  ],
  "bf": [
    1.29788
  ],
  "time": 0.012535335000052328
}