{
  "r": [
    1.0,
    0.5,
    0.6,
    0.7,
    0.8,
    0.9,
    1.1,
    1.2,
    1.3,
    1.4,
    1.5
  ],
  "nll": [
    0.0,
    19.654078,
    10.66433,
    5.14713,
    1.983459,
    0.433887,
    0.340049,
    1.216281,
    2.461269,
    3.955921,
    5.614852
  ],
  "bf": [
    1.0
  ],
  "time": 2.452520335999907
}