{
  "r": [
    0.5,
    0.6,
    0.7,
    0.8,
    0.9,
    1.0,
    1.1,
    1.2,
    1.3,
    1.4,
    1.5
  ],
  "nll": [
    14.039227,
    5.04946,
    -0.467721,
    -3.631393,
    -5.180965,
    -5.614852,
    -5.274804,
    -4.398571,
    -3.153584,
    -1.658932,
    0.0
  ],
  "bf": [
    0.0
  ],
  "time": 0.003400377000161825
}