{
  "r": [
    1.0,
    0.5,
    0.52,
    0.54,
    0.56,
    0.58,
    0.6,
    0.62,
    0.64,
    0.66,
    0.68,
    0.7,
    0.72,
    0.74,
    0.76,
    0.78,
    0.8,
    0.82,
    0.84,
    0.86,
    0.88,
    0.9,
    0.92,
    0.94,
    0.96,
    0.98,
    1.02,
    1.04,
    1.06,
    1.08,
    1.1,
    1.12,
    1.14,
    1.16,
    1.18,
    1.2,
    1.22,
    1.24,
    1.26,
    1.28,
    1.3,
    1.32,
    1.34,
    1.36,
    1.38,
    1.4,
    1.46,
    1.48,
    1.5
  ],
  "nll": [
    -1.0,
    12.504183,
    11.340101,
    10.236671,
    9.19278,
    8.207296,
    7.279087,
    6.407006,
    5.589905,
    4.826634,
    4.116039,
    3.456974,
    2.848294,
    2.288862,
    1.777549,
    1.313291,
    0.894822,
    0.521169,
    0.191231,
    -0.096069,
    -0.34179,
    -0.546972,
    -0.712603,
    -0.840287,
    -0.931257,
    -0.983818,
    -0.98583,
    -0.946016,
    -0.882245,
    -0.793803,
    -0.680315,
    -0.543067,
    -0.382682,
    -0.199703,
    0.005339,
    0.231929,
    0.479456,
    0.747519,
    1.035578,
    1.343147,
    1.669686,
    2.014782,
    2.377948,
    2.758712,
    3.156638,
    3.571277,
    4.911216,
    5.388488,
    5.880472
  ],
  "bf": [
    1.0
  ],
  "time": 2.2669752739999467
}