{
  "r": [
    0.5,
    0.6,
    0.7,
    0.8,
    0.9,
    1.0,
    1.1,
    1.2,
    1.3,
    1.4,
    1.5
  ],
  "nll": [
    19.654081,
    10.664317,
    5.147138,
    1.983461,
    0.433887,
    0.0,
    0.340049,
    1.216297,
    2.461272,
    3.955921,
    5.614852
  ],
  "bf": [
    1.0
  ],
  "time": 0.004157694999889827
}