{
  "r": [
    0.5,
    0.6,
    0.7,
    0.8,
    0.9,
    1.0,
    1.1,
    1.2,
    1.3,
    1.4,
    1.5
  ],
  "nll": [
    19.654079,
    10.664312,
    5.147131,
    1.983459,
    0.433887,
    0.0,
    0.340049,
    1.216281,
    2.461269,
    3.95592,
    5.614852
  ],
  "bf": [
    0.0
  ],
  "time": 0.002628103999995801
}