{
  "r": [
    1.0,
    0.5,
    0.6,
    0.7,
    0.8,
    0.9,
    1.1,
    1.2,
    1.3,
    1.4,
    1.5
  ],
  "nll": [
    3.374725,
    49.345287,
    32.073356,
    20.233671,
    12.1836,
    6.817202,
    1.324928,
    0.290568,
    0.000104,
    0.255752,
    0.911958
  ],
  "bf": [
    1.298033
  ],
  "time": 1.9068997439999293
}