{
  "r": [
    0.5,
    0.6,
    0.7,
    0.8,
    0.9,
    1.0,
    1.1,
    1.2,
    1.3,
    1.4,
    1.5
  ],
  "nll": [
    92.235074,
    35.446454,
    20.233671,
    12.183599,
    6.817202,
    3.374725,
    1.324928,
    0.290568,
    0.000104,
    0.255751,
    0.911958
  ],
  "bf": [
    1.298044
  ],
  "time": 0.019517485000051238
}