{
  "r": [
    0.5,
    0.6,
    0.7,
    0.8,
    0.9,
    1.0,
    1.1,
    1.2,
    1.3,
    1.4,
    1.5
  ],
  "nll": [
    92.235074,
    35.446453,
    20.233747,
    12.183598,
    6.817208,
    3.374726,
    1.324928,
    0.290568,
    0.000103,
    0.255779,
    0.911967
  ],
  "bf": [
    1.298043
  ],
  "time": 0.009297997000430769
}