{
  "r": [
    0.5,
    0.6,
    0.7,
    0.8,
    0.9,
    1.0,
    1.1,
    1.2,
    1.3,
    1.4,
    1.5
  ],
  "nll": [
    91.323116,
    34.534496,
    19.321713,
    11.271641,
    5.905244,
    2.462767,
    0.41297,
    -0.62139,
    -0.911854,
    -0.656207,
    0.0
  ],
  "bf": [
    9e-06
  ],
  "time": 0.038439401999994516
}