{
  "r": [
    1.0,
    0.5,
    0.6,
    0.7,
    0.8,
    0.9,
    1.1,
    1.2,
    1.3,
    1.4,
    1.5
  ],
  "nll": [
    1.780321,
    25.688675,
    18.55731,
    12.705036,
    8.028154,
    4.421165,
    0.00723,
    -0.990486,
    -1.297418,
    -1.059028,
    -0.392928
  ],
  "bf": [
    1.297608
  ],
  "time": 2.256814781999992
}