{
  "r": [
    1.0,
    0.5,
    0.6,
    0.7,
    0.8,
    0.9,
    1.2,
    1.3,
    1.4,
    1.5
  ],
  "nll": [
    0.0,
    13.548699,
    9.244481,
    5.489777,
    2.533648,
    0.623183,
    2.120038,
    4.811765,
    8.577134,
    13.34446
  ],
  "bf": [
    1.0
  ],
  "time": 2.86215415200013
}