{
  "r": [
    0.5,
    0.6,
    0.7,
    0.8,
    0.9,
    1.0,
    1.1,
    1.2,
    1.3,
    1.4,
    1.5
  ],
  "nll": [
    13.570421,
    9.2262,
    5.444765,
    2.458573,
    0.604827,
    0.000132,
    0.569058,
    2.22581,
    4.941808,
    8.700494,
    13.452085
  ],
  "bf": [
    1.0
  ],
  "time": 17.86112520200004
}