{
  "r": [
    0.5,
    0.6,
    0.7,
    0.8,
    0.9,
    1.0,
    1.1,
    1.2,
    1.3,
    1.4,
    1.5
  ],
  "nll": [
    13.570477,
    9.226241,
    5.444793,
    2.458588,
    0.604832,
    0.000132,
    0.569064,
    2.225838,
    4.941884,
    8.700651,
    13.452383
  ],
  "bf": [
    1.0
  ],
  "time": 21.302377880999984
}