{
  "r": [
    1.0,
    0.5,
    0.6,
    0.7,
    0.8,
    0.9,
    1.1,
    1.2,
    1.3,
    1.4,
    1.5
  ],
  "nll": [
    -0.0,
    13.039275,
    9.039701,
    5.481367,
    2.581784,
    0.650486,
    0.556687,
    2.22208,
    5.046911,
    8.986652,
    13.952692
  ],
  "bf": [
    1.0
  ],
  "time": 2.853645417999928
}