{
  "r": [
    0.5,
    0.6,
    0.7,
    0.8,
    0.9,
    1.0,
    1.1,
    1.2,
    1.3,
    1.4,
    1.5
  ],
  "nll": [
    13.079611,
    9.024435,
    5.435608,
    2.522518,
    0.629092,
    0.000104,
    0.593772,
    2.327908,
    5.177699,
    9.111719,
    14.067532
  ],
  "bf": [
    1.0
  ],
  "time": 11.35997602800012
}