{
  "r": [
    0.5,
    0.6,
    0.7,
    0.8,
    0.9,
    1.0,
    1.1,
    1.2,
    1.3,
    1.4,
    1.5
  ],
  "nll": [
    13.570495,
    9.226096,
    5.444824,
    2.458705,
    0.604865,
    0.0,
    0.568821,
    2.225057,
    4.932717,
    8.683863,
    13.427373
  ],
  "bf": [
    1.0
  ],
  "time": 0.01956270200025756
}