{
  "r": [
    1.0,
    0.5,
    0.6,
    0.7,
    0.8,
    0.9,
    1.1,
    1.2,
    1.3,
    1.4,
    1.5
  ],
  "nll": [
    1.678464,
    20.507176,
    15.964735,
    11.62642,
    7.645592,
    4.237157,
    0.259844,
    0.05858,
    0.903064,
    2.773428,
    5.654175
  ],
  "bf": [
    1.168128
  ],
  "time": 3.288756016999969
}