{
  "r": [
    1.0,
    0.5,
    0.6,
    0.7,
    0.8,
    0.9,
    1.1,
    1.2,
    1.3,
    1.4,
    1.5
  ],
  "nll": [
    1.668421,
    22.805525,
    17.380333,
    12.284424,
    7.788509,
    4.169574,
    0.290241,
    0.05264,
    0.957403,
    2.901171,
    5.861291
  ],
  "bf": [
    1.170171
  ],
  "time": 3.469308000000183
}