{
  "r": [
    1.0,
    0.5,
    0.6,
    0.7,
    0.8,
    0.9,
    1.1,
    1.2,
    1.3,
    1.4,
    1.5
  ],
  "nll": [
    1.678548,
    20.507247,
    15.964821,
    11.626507,
    7.645726,
    4.237161,
    0.259886,
    0.058527,
    0.903054,
    2.773339,
    5.654017
  ],
  "bf": [
    1.168121
  ],
  "time": 3.354434706999996
}