{
  "r": [
    1.0,
    0.5,
    0.6,
    0.7,
    0.8,
    0.9,
    1.1,
    1.2,
    1.3,
    1.4,
    1.5
  ],
  "nll": [
    1.668399,
    22.805541,
    17.382537,
    12.284425,
    7.788507,
    4.169564,
    0.29037,
    0.052614,
    0.957382,
    2.903978,
    5.861251
  ],
  "bf": [
    1.170172
  ],
  "time": 4.6800072660003025
}