{
  "r": [
    0.5,
    0.6,
    0.7,
    0.8,
    0.9,
    1.0,
    1.1,
    1.2,
    1.3,
    1.4,
    1.5
  ],
  "nll": [
    22.853105,
    17.383773,
    12.251039,
    7.715987,
    4.088414,
    1.576523,
    0.244719,
    0.064631,
    0.981131,
    2.935026,
    5.874922
  ],
  "bf": [
    1.165887
  ],
  "time": 0.8772402940003303
}