{
  "r": [
    1.0,
    0.5,
    0.6,
    0.7,
    0.8,
    0.9,
    1.1,
    1.2,
    1.3,
    1.4,
    1.5
  ],
  "nll": [
    1.668399,
    22.805541,
    17.382536,
    12.284425,
    7.788507,
    4.169564,
    0.290371,
    0.052614,
    0.957383,
    2.903979,
    5.861252
  ],
  "bf": [
    1.170172
  ],
  "time": 3.106164745000001
}