{
  "r": [
    1.0,
    0.5,
    0.6,
    0.7,
    0.8,
    0.9,
    1.1,
    1.2,
    1.3,
    1.4,
    1.5
  ],
  "nll": [
    1.678547,
    20.507254,
    15.96482,
    11.626505,
    7.645722,
    4.237159,
    0.259887,
    0.058532,
    0.903057,
    2.773346,
    5.654027
  ],
  "bf": [
    1.168122
  ],
  "time": 3.343824785000038
}