{
  "r": [
    1.0,
    0.5,
    0.6,
    0.7,
    0.8,
    0.9,
    1.1,
    1.2,
    1.3,
    1.4,
    1.5
  ],
  "nll": [
    1.668411,
    22.805546,
    17.380339,
    12.28443,
    7.788512,
    4.169574,
    0.290381,
    0.05263,
    0.957398,
    2.903999,
    5.861271
  ],
  "bf": [
    1.170172
  ],
  "time": 3.863705563000167
}