{
  "r": [
    0.5,
    0.6,
    0.7,
    0.8,
    0.9,
    1.0,
    1.1,
    1.2,
    1.3,
    1.4,
    1.5
  ],
  "nll": [
    20.628455,
    16.028241,
    11.633787,
    7.605019,
    4.159463,
    1.611503,
    0.247042,
    0.061963,
    0.961065,
    2.880086,
    5.744984
  ],
  "bf": [
    1.166233
  ],
  "time": 2.998134771000082
}