{
  "r": [
    1.0,
    0.5,
    0.6,
    0.7,
    0.8,
    0.9,
    1.1,
    1.2,
    1.3,
    1.4,
    1.5
  ],
  "nll": [
    1.668425,
    22.805529,
    17.380337,
    12.284428,
    7.788512,
    4.169577,
    0.29024,
    0.05264,
    0.957401,
    2.904014,
    5.861287
  ],
  "bf": [
    1.170171
  ],
  "time": 3.6352702190001764
}