{
  "r": [
    1.0,
    0.5,
    0.6,
    0.7,
    0.8,
    0.9,
    1.1,
    1.2,
    1.3,
    1.4,
    1.5
  ],
  "nll": [
    1.678519,
    20.50723,
    15.964787,
    11.626471,
    7.645692,
    4.237125,
    0.259896,
    0.058601,
    0.90309,
    2.773426,
    5.654147
  ],
  "bf": [
    1.168124
  ],
  "time": 3.9528910789999827
}