{
  "r": [
    1.0,
    0.5,
    0.6,
    0.7,
    0.8,
    0.9,
    1.1,
    1.2,
    1.3,
    1.4,
    1.5
  ],
  "nll": [
    1.668388,
    22.805522,
    17.382516,
    12.284411,
    7.788488,
    4.169534,
    0.29033,
    0.052552,
    0.957307,
    2.903889,
    5.86115
  ],
  "bf": [
    1.170172
  ],
  "time": 3.5467540320000808
}