{
  "r": [
    1.0,
    0.5,
    0.6,
    0.7,
    0.8,
    0.9,
    1.1,
    1.2,
    1.3,
    1.4,
    1.5
  ],
  "nll": [
    1.66841,
    22.805545,
    17.380338,
    12.284429,
    7.788512,
    4.169572,
    0.29038,
    0.052629,
    0.957398,
    2.903999,
    5.861272
  ],
  "bf": [
    1.170171
  ],
  "time": 3.812640205000207
}