{
  "r": [
    1.0,
    0.5,
    0.6,
    0.7,
    0.8,
    0.9,
    1.1,
    1.2,
    1.3,
    1.4,
    1.5
  ],
  "nll": [
    1.678529,
    20.507232,
    15.964797,
    11.626482,
    7.645702,
    4.237136,
    0.259894,
    0.058581,
    0.903081,
    2.773402,
    5.654111
  ],
  "bf": [
    1.168124
  ],
  "time": 3.965655304000393
}