{
  "r": [
    1.0,
    0.5,
    0.6,
    0.7,
    0.8,
    0.9,
    1.1,
    1.2,
    1.3,
    1.4,
    1.5
  ],
  "nll": [
    1.668413,
    22.805527,
    17.380334,
    12.284426,
    7.788509,
    4.169572,
    0.290381,
    0.052634,
    0.957405,
    2.904007,
    5.861281
  ],
  "bf": [
    1.170171
  ],
  "time": 3.8785032400001
}