{
  "r": [
    1.0,
    0.5,
    0.6,
    0.7,
    0.8,
    0.9,
    1.1,
    1.2,
    1.3,
    1.4,
    1.5
  ],
  "nll": [
    1.668402,
    22.805542,
    17.382543,
    12.284426,
    7.788508,
    4.169566,
    0.290374,
    0.052619,
    0.957388,
    2.903986,
    5.861259
  ],
  "bf": [
    1.170171
  ],
  "time": 3.880850933000147
}