{
  "r": [
    1.0,
    0.5,
    0.6,
    0.7,
    0.8,
    0.9,
    1.1,
    1.2,
    1.3,
    1.4,
    1.5
  ],
  "nll": [
    1.668398,
    22.805541,
    17.382533,
    12.284424,
    7.788506,
    4.169563,
    0.290369,
    0.052613,
    0.957381,
    2.903977,
    5.86125
  ],
  "bf": [
    1.170171
  ],
  "time": 3.0667028259999825
}