{
  "r": [
    0.5,
    0.6,
    0.7,
    0.8,
    0.9,
    1.0,
    1.1,
    1.2,
    1.3,
    1.4,
    1.5
  ],
  "nll": [
    22.825567,
    17.3562,
    12.222948,
    7.686337,
    4.069349,
    1.559235,
    0.229593,
    0.052218,
    0.972483,
    2.930618,
    5.873857
  ],
  "bf": [
    1.165646
  ],
  "time": 7.257254591999981
}