{
  "r": [
    1.0,
    0.5,
    0.6,
    0.7,
    0.8,
    0.9,
    1.1,
    1.2,
    1.3,
    1.4,
    1.5
  ],
  "nll": [
    1.668429,
    22.80553,
    17.380338,
    12.284429,
    7.788513,
    4.169578,
    0.290361,
    0.052641,
    0.957399,
    2.904013,
    5.861284
  ],
  "bf": [
    1.170171
  ],
  "time": 5.450012946999777
}