{
  "r": [
    1.0,
    0.5,
    0.6,
    0.7,
    0.8,
    0.9,
    1.1,
    1.2,
    1.3,
    1.4,
    1.5
  ],
  "nll": [
    1.668407,
    22.805543,
    17.380336,
    12.284427,
    7.78851,
    4.16957,
    0.290378,
    0.052627,
    0.957397,
    2.903997,
    5.86127
  ],
  "bf": [
    1.170171
  ],
  "time": 4.58041429900004
}