{
  "r": [
    0.5,
    0.6,
    0.7,
    0.8,
    0.9,
    1.0,
    1.1,
    1.2,
    1.3,
    1.4,
    1.5
  ],
  "nll": [
    22.825445,
    17.356095,
    12.222859,
    7.686266,
    4.069298,
    1.559207,
    0.229586,
    0.052223,
    0.972359,
    2.930361,
    5.874014
  ],
  "bf": [
    1.165645
  ],
  "time": 3.5617205670005205
}