{
  "r": [
    0.5,
    0.52,
    0.54,
    0.56,
    0.58,
    0.6,
    0.62,
    0.64,
    0.66,
    0.68,
    0.7,
    0.72,
    0.74,
    0.76,
    0.78,
    0.8,
    0.82,
    0.84,
    0.86,
    0.88,
    0.9,
    0.92,
    0.94,
    0.96,
    0.98,
    1.0,
    1.02,
    1.04,
    1.06,
    1.08,
    1.1,
    1.12,
    1.14,
    1.16,
    1.18,
    1.2,
    1.22,
    1.24,
    1.26,
    1.28,
    1.3,
    1.32,
    1.34,
    1.36,
    1.38,
    1.4,
    1.42,
    1.44,
    1.46,
    1.48,
    1.5
  ],
  "nll": [
    266.378848,
    244.752543,
    224.056258,
    204.294883,
    185.471903,
    167.589385,
    150.647971,
    134.646914,
    119.584126,
    105.456235,
    92.258649,
    79.98563,
    68.630374,
    58.185088,
    48.641081,
    39.988844,
    32.218136,
    25.318067,
    19.277179,
    14.083523,
    9.72473,
    6.188086,
    3.460591,
    1.529025,
    0.379997,
    2e-06,
    0.375464,
    1.492781,
    3.338358,
    5.898647,
    9.16017,
    13.109553,
    17.733542,
    23.019029,
    28.953066,
    35.522882,
    42.715893,
    50.519714,
    58.922169,
    67.911296,
    77.475351,
    87.602817,
    98.282402,
    109.503043,
    121.253905,
    133.524385,
    146.304106,
    159.582921,
    173.350908,
    187.598366,
    202.315817
  ],
  "bf": [
    1.0
  ],
  "time": 0.10706981200007704
}