{
  "r": [
    1.0,
    0.5,
    0.52,
    0.54,
    0.56,
    0.58,
    0.6,
    0.62,
    0.64,
    0.66,
    0.68,
    0.7,
    0.72,
    0.74,
    0.76,
    0.78,
    0.8,
    0.82,
    0.84,
    0.86,
    0.88,
    0.9,
    0.92,
    0.94,
    0.96,
    0.98,
    1.02,
    1.04,
    1.06,
    1.08,
    1.1,
    1.12,
    1.14,
    1.16,
    1.18,
    1.2,
    1.22,
    1.24,
    1.26,
    1.28,
    1.3,
    1.32,
    1.34,
    1.36,
    1.38,
    1.4,
    1.42,
    1.44,
    1.46,
    1.48,
    1.5
  ],
  "nll": [
    0.0,
    57.35062,
    52.423153,
    47.754196,
    43.338066,
    39.169182,
    35.242077,
    31.551392,
    28.091871,
    24.858372,
    21.845858,
    19.049402,
    16.464184,
    14.085491,
    11.908718,
    9.929362,
    8.143026,
    6.545493,
    5.13238,
    3.899722,
    2.843518,
    1.959867,
    1.244964,
    0.6951,
    0.306654,
    0.076101,
    0.074998,
    0.297826,
    0.665298,
    1.174308,
    1.821829,
    2.604911,
    3.520678,
    4.566329,
    5.739131,
    7.036425,
    8.455616,
    9.994175,
    11.649641,
    13.41961,
    15.301744,
    17.293762,
    19.39344,
    21.598612,
    23.907162,
    26.316952,
    28.826128,
    31.432659,
    34.134636,
    36.930199,
    39.817532
  ],
  "bf": [
    1.0
  ],
  "time": 2.243946350000101
}