{
  "r": [
    1.0,
    0.5,
    0.52,
    0.54,
    0.56,
    0.58,
    0.6,
    0.62,
    0.64,
    0.66,
    0.68,
    0.7,
    0.72,
    0.74,
    0.76,
    0.78,
    0.8,
    0.82,
    0.84,
    0.86,
    0.88,
    0.9,
    0.92,
    0.94,
    0.96,
    0.98,
    1.02,
    1.04,
    1.06,
    1.08,
    1.1,
    1.12,
    1.14,
    1.16,
    1.18,
    1.2,
    1.22,
    1.24,
    1.26,
    1.28,
    1.3,
    1.32,
    1.34,
    1.36,
    1.38,
    1.4,
    1.42,
    1.44,
    1.46,
    1.48,
    1.5
  ],
  "nll": [
    0.0,
    286.752747,
    262.11554,
    238.770844,
    216.690323,
    195.845917,
    176.210388,
    157.756958,
    140.459366,
    124.291862,
    109.229294,
    95.247009,
    82.320923,
    70.42746,
    59.543591,
    49.646809,
    40.71513,
    32.727077,
    25.66169,
    19.498501,
    14.21759,
    9.799335,
    6.224822,
    3.475498,
    1.533272,
    0.380505,
    0.37499,
    1.48913,
    3.32649,
    5.87154,
    9.109145,
    13.024555,
    17.603392,
    22.831644,
    28.695658,
    35.182125,
    42.277988,
    49.970764,
    58.248062,
    67.097878,
    76.508514,
    86.468567,
    96.966919,
    107.992729,
    119.535439,
    131.584763,
    144.130646,
    157.1633,
    170.673187,
    184.651001,
    199.087662
  ],
  "bf": [
    1.0
  ],
  "time": 3.456373503000009
}