{
  "r": [
    0.5,
    0.52,
    0.54,
    0.56,
    0.58,
    0.6,
    0.62,
    0.64,
    0.66,
    0.68,
    0.7,
    0.72,
    0.74,
    0.76,
    0.78,
    0.8,
    0.82,
    0.84,
    0.86,
    0.88,
    0.9,
    0.92,
    0.94,
    0.96,
    0.98,
    1.0,
    1.02,
    1.04,
    1.06,
    1.08,
    1.1,
    1.12,
    1.14,
    1.16,
    1.18,
    1.2,
    1.22,
    1.24,
    1.26,
    1.28,
    1.3,
    1.32,
    1.34,
    1.36,
    1.38,
    1.4,
    1.42,
    1.44,
    1.46,
    1.48,
    1.5
  ],
  "nll": [
    53.27577,
    48.950509,
    44.811252,
    40.858977,
    37.094381,
    33.517877,
    30.129594,
    26.929383,
    23.916825,
    21.091247,
    18.45173,
    15.997126,
    13.726075,
    11.637018,
    9.728216,
    7.997769,
    6.443627,
    5.063613,
    3.855436,
    2.816705,
    1.944946,
    1.237617,
    0.692118,
    0.305805,
    0.075999,
    0.0,
    0.075093,
    0.298556,
    0.667672,
    1.179729,
    1.832034,
    2.621911,
    3.546708,
    4.603806,
    5.790613,
    7.104576,
    8.543179,
    10.103943,
    11.784434,
    13.582259,
    15.49507,
    17.520563,
    19.65648,
    21.900609,
    24.250781,
    26.704877,
    29.260821,
    31.916584,
    34.670182,
    37.519673,
    40.463163
  ],
  "bf": [
    1.0
  ],
  "time": 0.00791462400002274
}