{
  "r": [
    0.5,
    0.52,
    0.54,
    0.56,
    0.58,
    0.6,
    0.62,
    0.64,
    0.66,
    0.68,
    0.7,
    0.72,
    0.74,
    0.76,
    0.78,
    0.8,
    0.82,
    0.84,
    0.86,
    0.88,
    0.9,
    0.92,
    0.94,
    0.96,
    0.98,
    1.0,
    1.02,
    1.04,
    1.06,
    1.08,
    1.1,
    1.12,
    1.14,
    1.16,
    1.18,
    1.2,
    1.22,
    1.24,
    1.26,
    1.28,
    1.3,
    1.32,
    1.34,
    1.36,
    1.38,
    1.4,
    1.42,
    1.44,
    1.46,
    1.48,
    1.5
  ],
  "nll": [
    592.788261,
    562.522764,
    533.004152,
    504.244371,
    476.254362,
    449.04432,
    422.623564,
    397.000499,
    372.182571,
    348.176238,
    324.986947,
    302.619126,
    281.07617,
    260.360456,
    240.473344,
    221.415204,
    203.18544,
    185.782524,
    169.20403,
    153.446682,
    138.506398,
    124.378338,
    111.056957,
    98.536057,
    86.808837,
    75.867953,
    65.70556,
    56.313374,
    47.682711,
    39.804542,
    32.669536,
    26.268101,
    20.590427,
    15.626524,
    11.366257,
    7.799379,
    4.915562,
    2.704422,
    1.155549,
    0.258529,
    0.002961,
    0.378483,
    1.374784,
    2.981619,
    5.188828,
    7.986341,
    11.364193,
    15.312533,
    19.821629,
    24.881879,
    30.483812
  ],
  "bf": [
    1.298267
  ],
  "time": 0.06404362299997501
}