{
  "r": [
    0.5,
    0.52,
    0.54,
    0.56,
    0.58,
    0.6,
    0.62,
    0.64,
    0.66,
    0.68,
    0.7,
    0.72,
    0.74,
    0.76,
    0.78,
    0.8,
    0.82,
    0.84,
    0.86,
    0.88,
    0.9,
    0.92,
    0.94,
    0.96,
    0.98,
    1.0,
    1.02,
    1.04,
    1.06,
    1.08,
    1.1,
    1.12,
    1.14,
    1.16,
    1.18,
    1.2,
    1.22,
    1.24,
    1.26,
    1.28,
    1.3,
    1.32,
    1.34,
    1.36,
    1.38,
    1.4,
    1.42,
    1.44,
    1.46,
    1.48,
    1.5
  ],
  "nll": [
    118.557652,
    112.504553,
    106.60083,
    100.848874,
    95.250872,
    89.808864,
    84.524713,
    79.4001,
    74.436514,
    69.635248,
    64.997389,
    60.523825,
    56.215234,
    52.072091,
    48.094669,
    44.283041,
    40.637088,
    37.156505,
    33.840806,
    30.689336,
    27.70128,
    24.875668,
    22.211391,
    19.707211,
    17.361767,
    15.173591,
    13.141112,
    11.262675,
    9.536542,
    7.960908,
    6.533907,
    5.25362,
    4.118085,
    3.125305,
    2.273251,
    1.559876,
    0.983112,
    0.540884,
    0.23111,
    0.051706,
    0.000592,
    0.075697,
    0.274957,
    0.596324,
    1.037766,
    1.597268,
    2.272839,
    3.062507,
    3.964326,
    4.976376,
    6.096762
  ],
  "bf": [
    1.298268
  ],
  "time": 0.01099603299996943
}