{
  "r": [
    1.0,
    0.5,
    0.6,
    0.7,
    0.8,
    0.9,
    1.1,
    1.2,
    1.3,
    1.4,
    1.5
  ],
  "nll": [
    -1.0,
    285.752747,
    175.210388,
    94.247009,
    39.71513,
    8.799335,
    8.109145,
    34.182125,
    75.508514,
    130.584763,
    198.087662
  ],
  "bf": [
    1.0
  ],
  "time": 2.23061226599998
}