{
  "r": [
    1.0,
    0.5,
    0.52,
    0.54,
    0.56,
    0.58,
    0.6,
    0.62,
    0.64,
    0.66,
    0.68,
    0.7,
    0.72,
    0.74,
    0.76,
    0.78,
    0.8,
    0.82,
    0.84,
    0.86,
    0.88,
    0.9,
    0.92,
    0.94,
    0.96,
    0.98,
    1.02,
    1.04,
    1.06,
    1.08,
    1.1,
    1.12,
    1.14,
    1.16,
    1.18,
    1.2,
    1.22,
    1.24,
    1.26,
    1.28,
    1.3,
    1.32,
    1.34,
    1.36,
    1.38,
    1.4,
    1.42,
    1.44,
    1.46,
    1.48,
    1.5
  ],
  "nll": [
    76.169473,
    665.000222,
    627.208352,
    590.791177,
    555.72178,
    521.973855,
    489.521188,
    458.338205,
    428.399759,
    399.68107,
    372.157785,
    345.805978,
    320.602182,
    296.523324,
    273.546823,
    251.650491,
    230.8126,
    211.011834,
    192.227304,
    174.438577,
    157.625619,
    141.768846,
    126.848977,
    112.847295,
    99.745408,
    87.525332,
    65.660627,
    55.981971,
    47.117059,
    39.04981,
    31.764508,
    25.245786,
    19.478631,
    14.448369,
    10.140565,
    6.54136,
    3.636987,
    1.414071,
    -0.140464,
    -1.039382,
    -1.295165,
    -0.920012,
    0.074166,
    1.675744,
    3.87333,
    6.655832,
    10.012391,
    13.932397,
    18.405484,
    23.421537,
    28.970647
  ],
  "bf": [
    1.298182
  ],
  "time": 2.3414523989999907
}