{
  "r": [
    0.5,
    0.6,
    0.7,
    0.8,
    0.9,
    1.0,
    1.1,
    1.2,
    1.3,
    1.4,
    1.5
  ],
  "nll": [
    16.751913,
    10.235038,
    5.402254,
    2.230153,
    0.506477,
    0.0,
    0.400266,
    1.465788,
    3.080268,
    5.142024,
    7.571317
  ],
  "bf": [
    1.0
  ],
  "time": 0.002111292999984471
}