{
  "r": [
    0.5,
    0.6,
    0.7,
    0.8,
    0.9,
    1.0,
    1.1,
    1.2,
    1.3,
    1.4,
    1.5
  ],
  "nll": [
    9.180597,
    2.663721,
    -2.169063,
    -5.341164,
    -7.06484,
    -7.571317,
    -7.17105,
    -6.105528,
    -4.491049,
    -2.429292,
    0.0
  ],
  "bf": [
    0.0
  ],
  "time": 0.005414083000005121
}