{
  "r": [
    1.0,
    0.5,
    0.6,
    0.7,
    0.8,
    0.9,
    1.1,
    1.2,
    1.3,
    1.4,
    1.5
  ],
  "nll": [
    -1.0,
    15.751902,
    9.23504,
    4.402251,
    1.236577,
    -0.482696,
    -0.609617,
    0.454253,
    2.071858,
    4.138243,
    6.570516
  ],
  "bf": [
    1.0
  ],
  "time": 2.227275863999921
}