{
  "r": [
    0.5,
    0.6,
    0.7,
    0.8,
    0.9,
    1.0,
    1.1,
    1.2,
    1.3,
    1.4,
    1.5
  ],
  "nll": [
    35.190897,
    26.333661,
    18.41215,
    11.990108,
    7.152267,
    3.738007,
    1.53245,
    0.343768,
    0.000122,
    0.299904,
    1.085518
  ],
  "bf": [
    1.298134
  ],
  "time": 0.022973784999976488
}