{
  "r": [
    0.5,
    0.6,
    0.7,
    0.8,
    0.9,
    1.0,
    1.1,
    1.2,
    1.3,
    1.4,
    1.5
  ],
  "nll": [
    34.105379,
    25.248143,
    17.326632,
    10.904589,
    6.066749,
    2.652489,
    0.446932,
    -0.74175,
    -1.085396,
    -0.785614,
    0.0
  ],
  "bf": [
    -9.7e-05
  ],
  "time": 0.044333422000136125
}