{
  "r": [
    1.0,
    0.5,
    0.6,
    0.7,
    0.8,
    0.9,
    1.1,
    1.2,
    1.3,
    1.4,
    1.5
  ],
  "nll": [
    3.741584,
    35.190914,
    26.333627,
    18.412205,
    11.990143,
    7.152256,
    1.543216,
    0.351026,
    0.00013,
    0.292541,
    1.075984
  ],
  "bf": [
    1.298032
  ],
  "time": 2.2799349030000258
}