{
  "r": [
    0.5,
    0.52,
    0.54,
    0.56,
    0.58,
    0.6,
    0.62,
    0.64,
    0.66,
    0.68,
    0.7,
    0.72,
    0.74,
    0.76,
    0.78,
    0.8,
    0.82,
    0.84,
    0.86,
    0.88,
    0.9,
    0.92,
    0.94,
    0.96,
    0.98,
    1.0,
    1.02,
    1.04,
    1.06,
    1.08,
    1.1,
    1.12,
    1.14,
    1.16,
    1.18,
    1.2,
    1.22,
    1.24,
    1.26,
    1.28,
    1.3,
    1.32,
    1.34,
    1.36,
    1.38,
    1.4,
    1.42,
    1.44,
    1.46,
    1.48,
    1.5
  ],
  "nll": [
    36.121724,
    32.874452,
    29.81985,
    26.950966,
    24.261151,
    21.744052,
    19.393593,
    17.20397,
    15.169635,
    13.285286,
    11.545857,
    9.946503,
    8.482596,
    7.149707,
    5.943602,
    4.860231,
    3.895717,
    3.04635,
    2.308576,
    1.678993,
    1.15434,
    0.731491,
    0.40745,
    0.179341,
    0.044407,
    0.0,
    0.043577,
    0.172695,
    0.385007,
    0.678256,
    1.050272,
    1.498966,
    2.022329,
    2.618426,
    3.285393,
    4.021433,
    4.824817,
    5.693874,
    6.626995,
    7.622626,
    8.679267,
    9.795471,
    10.96984,
    12.201021,
    13.487709,
    14.82864,
    16.222594,
    17.668388,
    19.164878,
    20.710959,
    22.305556
  ],
  "bf": [
    1.0
  ],
  "time": 0.002159996000045794
}