{
  "r": [
    1.0,
    0.5,
    0.52,
    0.54,
    0.56,
    0.58,
    0.6,
    0.62,
    0.64,
    0.66,
    0.68,
    0.7,
    0.72,
    0.74,
    0.76,
    0.78,
    0.8,
    0.82,
    0.84,
    0.86,
    0.88,
    0.9,
    0.92,
    0.94,
    0.96,
    0.98,
    1.02,
    1.04,
    1.06,
    1.08,
    1.1,
    1.12,
    1.14,
    1.16,
    1.18,
    1.2,
    1.22,
    1.24,
    1.26,
    1.28,
    1.3,
    1.32,
    1.34,
    1.36,
    1.38,
    1.4,
    1.42,
    1.44,
    1.46,
    1.48,
    1.5
  ],
  "nll": [
    614.125869,
    650.247596,
    647.000324,
    643.94572,
    641.076835,
    638.38702,
    635.86992,
    633.519462,
    631.329839,
    629.295503,
    627.411154,
    625.671726,
    624.072372,
    622.608465,
    621.275632,
    620.069508,
    618.986124,
    618.021601,
    617.172228,
    616.43445,
    615.804865,
    615.28021,
    614.857361,
    614.533319,
    614.305211,
    614.170277,
    614.169446,
    614.298564,
    614.510876,
    614.804126,
    615.176142,
    615.624837,
    616.148201,
    616.7443,
    617.411268,
    618.147311,
    618.950698,
    619.819759,
    620.752885,
    621.748521,
    622.805169,
    623.921382,
    625.095758,
    626.32695,
    627.613648,
    628.95451,
    630.348465,
    631.794258,
    633.290748,
    634.83683,
    636.431427
  ],
  "bf": [
    1.0
  ],
  "time": 3.002593047000005
}