{
  "r": [
    1.0,
    0.5,
    0.52,
    0.54,
    0.56,
    0.58,
    0.6,
    0.62,
    0.64,
    0.66,
    0.68,
    0.7,
    0.72,
    0.74,
    0.76,
    0.78,
    0.8,
    0.82,
    0.84,
    0.86,
    0.88,
    0.9,
    0.92,
    0.94,
    0.96,
    0.98,
    1.02,
    1.04,
    1.06,
    1.08,
    1.1,
    1.12,
    1.14,
    1.16,
    1.18,
    1.2,
    1.22,
    1.24,
    1.26,
    1.28,
    1.3,
    1.32,
    1.34,
    1.36,
    1.38,
    1.4,
    1.42,
    1.44,
    1.46,
    1.48,
    1.5
  ],
  "nll": [
    708.846478,
    780.72733,
    775.829632,
    771.143288,
    766.661549,
    762.377903,
    758.286065,
    754.379971,
    750.653782,
    747.101868,
    743.718811,
    740.499396,
    737.438609,
    734.531619,
    731.773785,
    729.160719,
    726.687941,
    724.351434,
    722.147224,
    720.071485,
    718.120541,
    716.290851,
    714.579012,
    712.981746,
    711.495898,
    710.118433,
    707.677055,
    706.607612,
    705.635479,
    704.758134,
    703.973147,
    703.278172,
    702.670947,
    702.149288,
    701.711089,
    701.354315,
    701.077,
    700.877246,
    700.753219,
    700.703144,
    700.725308,
    700.817968,
    700.979666,
    701.208784,
    701.503818,
    701.863314,
    702.28586,
    702.770091,
    703.314684,
    703.918357,
    704.579865
  ],
  "bf": [
    1.283833
  ],
  "time": 2.7938070199999174
}