{
  "r": [
    1.0,
    0.5,
    0.6,
    0.7,
    0.8,
    0.9,
    1.1,
    1.2,
    1.3,
    1.4,
    1.5
  ],
  "nll": [
    -1.0,
    23.573158,
    14.883822,
    7.626697,
    2.606087,
    -0.160922,
    -0.276628,
    1.69288,
    4.653574,
    8.404175,
    12.786432
  ],
  "bf": [
    1.0
  ],
  "time": 2.2389386190000096
}