{
  "r": [
    0.5,
    0.6,
    0.7,
    0.8,
    0.9,
    1.0,
    1.1,
    1.2,
    1.3,
    1.4,
    1.5
  ],
  "nll": [
    24.57316,
    15.88382,
    8.626698,
    3.606047,
    0.826842,
    0.0,
    0.587994,
    2.155229,
    4.527743,
    7.553176,
    11.099227
  ],
  "bf": [
    1.0
  ],
  "time": 0.0024269370001093193
}