{
  "r": [
    1.0,
    0.5,
    0.52,
    0.54,
    0.56,
    0.58,
    0.6,
    0.62,
    0.64,
    0.66,
    0.68,
    0.7,
    0.72,
    0.74,
    0.76,
    0.78,
    0.8,
    0.82,
    0.84,
    0.86,
    0.88,
    0.9,
    0.92,
    0.94,
    0.96,
    0.98,
    1.02,
    1.04,
    1.06,
    1.08,
    1.1,
    1.12,
    1.14,
    1.16,
    1.18,
    1.2,
    1.22,
    1.24,
    1.26,
    1.28,
    1.3,
    1.32,
    1.34,
    1.36,
    1.38,
    1.4,
    1.42,
    1.44,
    1.46,
    1.48,
    1.5
  ],
  "nll": [
    -1.0,
    23.573158,
    21.781834,
    20.006985,
    18.258476,
    16.547062,
    14.883822,
    13.279552,
    11.744062,
    10.285875,
    8.911846,
    7.626697,
    6.434036,
    5.335585,
    4.331893,
    3.422497,
    2.606087,
    1.880773,
    1.244134,
    0.693565,
    0.226213,
    -0.160922,
    -0.47086,
    -0.706766,
    -0.871609,
    -0.968378,
    -0.96927,
    -0.879036,
    -0.731826,
    -0.530211,
    -0.276628,
    0.026596,
    0.377241,
    0.773193,
    1.212446,
    1.69288,
    2.212869,
    2.770573,
    3.364314,
    3.99249,
    4.653574,
    5.346117,
    6.068743,
    6.82013,
    7.599004,
    8.404175,
    9.23451,
    10.088923,
    10.966372,
    11.865857,
    12.786432
  ],
  "bf": [
    1.0
  ],
  "time": 2.273739008000007
}