{
  "r": [
    1.0,
    0.5,
    0.6,
    0.7,
    0.8,
    0.9,
    1.1,
    1.2,
    1.3,
    1.4,
    1.5
  ],
  "nll": [
    0.0,
    24.573158,
    15.883867,
    8.626782,
    3.606047,
    0.839085,
    0.575075,
    2.148138,
    4.527276,
    7.553216,
    11.099228
  ],
  "bf": [
    1.0
  ],
  "time": 2.4806868779996876
}