{
  "r": [
    0.5,
    0.6,
    0.7,
    0.8,
    0.9,
    1.0,
    1.1,
    1.2,
    1.3,
    1.4,
    1.5
  ],
  "nll": [
    13.473933,
    4.784593,
    -2.472529,
    -7.49318,
    -10.272385,
    -11.099227,
    -10.511233,
    -8.943998,
    -6.571484,
    -3.546051,
    0.0
  ],
  "bf": [
    1.0
  ],
  "time": 0.004380328000024747
}