{
  "r": [
    0.5,
    0.6,
    0.7,
    0.8,
    0.9,
    1.0,
    1.1,
    1.2,
    1.3,
    1.4,
    1.5
  ],
  "nll": [
    51.162773,
    35.703091,
    25.676937,
    16.582677,
    9.34368,
    4.16434,
    0.818101,
    -0.98748,
    -1.508606,
    -1.091786,
    0.0
  ],
  "bf": [
    1.298097
  ],
  "time": 0.043125947000135056
}