{
  "r": [
    0.5,
    0.6,
    0.7,
    0.8,
    0.9,
    1.0,
    1.1,
    1.2,
    1.3,
    1.4,
    1.5
  ],
  "nll": [
    52.671541,
    37.211879,
    27.185726,
    18.091451,
    10.852485,
    5.673123,
    2.326872,
    0.521288,
    0.000176,
    0.417033,
    1.508768
  ],
  "bf": [
    1.297834
  ],
  "time": 0.06466319700007261
}