{
  "r": [
    1.0,
    0.5,
    0.6,
    0.7,
    0.8,
    0.9,
    1.1,
    1.2,
    1.3,
    1.4,
    1.5
  ],
  "nll": [
    5.673104,
    46.554455,
    37.059304,
    27.185698,
    18.091437,
    10.85244,
    2.332926,
    0.530762,
    0.000154,
    0.407411,
    1.497652
  ],
  "bf": [
    1.297809
  ],
  "time": 1.9124039010000615
}