{
  "r": [
    1.0,
    0.5,
    0.52,
    0.54,
    0.56,
    0.58,
    0.6,
    0.62,
    0.64,
    0.66,
    0.68,
    0.7,
    0.72,
    0.74,
    0.76,
    0.78,
    0.8,
    0.82,
    0.84,
    0.86,
    0.88,
    0.9,
    0.92,
    0.94,
    0.96,
    0.98,
    1.02,
    1.04,
    1.06,
    1.08,
    1.1,
    1.12,
    1.14,
    1.16,
    1.18,
    1.2,
    1.22,
    1.24,
    1.26,
    1.28,
    1.3,
    1.32,
    1.34,
    1.36,
    1.38,
    1.4,
    1.42,
    1.44,
    1.46,
    1.48,
    1.5
  ],
  "nll": [
    4.375231,
    45.256564,
    43.413497,
    41.540881,
    39.639834,
    37.712294,
    35.76141,
    33.791911,
    31.810279,
    29.825112,
    27.84697,
    25.887807,
    23.960272,
    22.076745,
    20.248471,
    18.484903,
    16.793545,
    15.179948,
    13.647607,
    12.198897,
    10.834545,
    9.554549,
    8.358132,
    7.243916,
    6.210071,
    5.254591,
    3.569547,
    2.835165,
    2.169595,
    1.570376,
    1.035062,
    0.561245,
    0.146586,
    -0.211152,
    -0.514131,
    -0.76467,
    -0.964626,
    -1.116048,
    -1.220823,
    -1.280699,
    -1.297715,
    -1.27324,
    -1.208991,
    -1.106517,
    -0.967291,
    -0.792849,
    -0.584357,
    -0.343194,
    -0.070597,
    0.232216,
    0.564128
  ],
  "bf": [
    1.297914
  ],
  "time": 2.287877068999933
}