{
  "r": [
    1.0,
    0.5,
    0.6,
    0.7,
    0.8,
    0.9,
    1.1,
    1.2,
    1.3,
    1.4,
    1.5
  ],
  "nll": [
    4.375231,
    45.256564,
    35.76141,
    25.887807,
    16.793545,
    9.554549,
    1.035062,
    -0.76467,
    -1.297715,
    -0.792849,
    0.564128
  ],
  "bf": [
    1.297914
  ],
  "time": 2.300517200999934
}