{
  "r": [
    1.0,
    0.5,
    0.6,
    0.7,
    0.8,
    0.9,
    1.1,
    1.2,
    1.3,
    1.4,
    1.5
  ],
  "nll": [
    5.673145,
    46.554478,
    37.059324,
    27.185721,
    18.091459,
    10.852463,
    2.332976,
    0.533244,
    0.000199,
    0.505065,
    1.862042
  ],
  "bf": [
    1.297914
  ],
  "time": 2.2884859810001217
}