{
  "r": [
    0.5,
    0.6,
    0.7,
    0.8,
    0.9,
    1.0,
    1.1,
    1.2,
    1.3,
    1.4,
    1.5
  ],
  "nll": [
    34.091214,
    20.047222,
    10.429753,
    4.310799,
    1.006834,
    0.0,
    0.888705,
    3.355372,
    7.144653,
    12.048281,
    17.894274
  ],
  "bf": [
    1.0
  ],
  "time": 0.00417307499992603
}