{
  "r": [
    0.5,
    0.6,
    0.7,
    0.8,
    0.9,
    1.0,
    1.1,
    1.2,
    1.3,
    1.4,
    1.5
  ],
  "nll": [
    79.337005,
    55.918717,
    38.05193,
    24.594567,
    14.705339,
    7.746774,
    3.224405,
    0.747107,
    0.000289,
    0.727261,
    2.715952
  ],
  "bf": [
    1.298046
  ],
  "time": 0.012325383000188594
}