{
  "r": [
    1.0,
    0.5,
    0.52,
    0.54,
    0.56,
    0.58,
    0.6,
    0.62,
    0.64,
    0.66,
    0.68,
    0.7,
    0.72,
    0.74,
    0.76,
    0.78,
    0.8,
    0.82,
    0.84,
    0.86,
    0.88,
    0.9,
    0.92,
    0.94,
    0.96,
    0.98,
    1.02,
    1.04,
    1.06,
    1.08,
    1.1,
    1.12,
    1.14,
    1.16,
    1.18,
    1.2,
    1.22,
    1.24,
    1.26,
    1.28,
    1.3,
    1.32,
    1.34,
    1.36,
    1.38,
    1.4,
    1.42,
    1.44,
    1.46,
    1.48,
    1.5
  ],
  "nll": [
    0.0,
    24.573158,
    22.781834,
    21.006985,
    19.258476,
    17.547062,
    15.883822,
    14.279552,
    12.744062,
    11.285875,
    9.911846,
    8.626697,
    7.434036,
    6.335585,
    5.331893,
    4.422497,
    3.606087,
    2.880773,
    2.244134,
    1.693565,
    1.226213,
    0.839078,
    0.52914,
    0.293234,
    0.128391,
    0.031622,
    0.03073,
    0.120964,
    0.268174,
    0.469789,
    0.723372,
    1.026596,
    1.377241,
    1.773193,
    2.212446,
    2.69288,
    3.212869,
    3.770573,
    4.364314,
    4.99249,
    5.653574,
    6.346117,
    7.068743,
    7.82013,
    8.599004,
    9.404175,
    10.23451,
    11.088923,
    11.966372,
    12.865857,
    13.786432
  ],
  "bf": [
    1.0
  ],
  "time": 3.3952072319999616
}