{
  "r": [
    0.5,
    0.52,
    0.54,
    0.56,
    0.58,
    0.6,
    0.62,
    0.64,
    0.66,
    0.68,
    0.7,
    0.72,
    0.74,
    0.76,
    0.78,
    0.8,
    0.82,
    0.84,
    0.86,
    0.88,
    0.9,
    0.92,
    0.94,
    0.96,
    0.98,
    1.0,
    1.02,
    1.04,
    1.06,
    1.08,
    1.1,
    1.12,
    1.14,
    1.16,
    1.18,
    1.2,
    1.22,
    1.24,
    1.26,
    1.28,
    1.3,
    1.32,
    1.34,
    1.36,
    1.38,
    1.4,
    1.42,
    1.44,
    1.46,
    1.48,
    1.5
  ],
  "nll": [
    24.573179,
    22.781837,
    21.007062,
    19.258493,
    17.547066,
    15.883824,
    14.279539,
    12.744063,
    11.285877,
    9.911754,
    8.6267,
    7.434038,
    6.335587,
    5.331901,
    4.422484,
    3.606051,
    2.880672,
    2.242562,
    1.688419,
    1.217355,
    0.826842,
    0.515012,
    0.280472,
    0.120172,
    0.028887,
    0.0,
    0.026687,
    0.102878,
    0.223803,
    0.386161,
    0.587994,
    0.828357,
    1.106812,
    1.422109,
    1.772153,
    2.155271,
    2.570456,
    3.016686,
    3.492257,
    3.996314,
    4.527871,
    5.085388,
    5.667912,
    6.274064,
    6.902852,
    7.553304,
    8.224487,
    8.91552,
    9.625559,
    10.35358,
    11.099434
  ],
  "bf": [
    1.0
  ],
  "time": 0.008389085000089835
}