{
  "r": [
    1.0,
    0.5,
    0.52,
    0.54,
    0.56,
    0.58,
    0.6,
    0.62,
    0.64,
    0.66,
    0.68,
    0.7,
    0.72,
    0.74,
    0.76,
    0.78,
    0.8,
    0.82,
    0.84,
    0.86,
    0.88,
    0.9,
    0.92,
    0.94,
    0.96,
    0.98,
    1.02,
    1.04,
    1.06,
    1.08,
    1.1,
    1.12,
    1.14,
    1.16,
    1.18,
    1.2,
    1.22,
    1.24,
    1.26,
    1.28,
    1.3,
    1.32,
    1.34,
    1.36,
    1.38,
    1.4,
    1.42,
    1.44,
    1.46,
    1.48,
    1.5
  ],
  "nll": [
    5.673145,
    46.554478,
    44.711411,
    42.838795,
    40.937748,
    39.010208,
    37.059324,
    35.089825,
    33.108193,
    31.123026,
    29.144884,
    27.185721,
    25.258186,
    23.374659,
    21.546385,
    19.782817,
    18.091459,
    16.477862,
    14.945522,
    13.496811,
    12.132459,
    10.852463,
    9.656046,
    8.54183,
    7.507985,
    6.552505,
    4.867461,
    4.133079,
    3.467509,
    2.86829,
    2.332976,
    1.859159,
    1.4445,
    1.086762,
    0.783783,
    0.533244,
    0.333288,
    0.181866,
    0.077091,
    0.017215,
    0.000199,
    0.024674,
    0.088923,
    0.191397,
    0.330623,
    0.505065,
    0.713557,
    0.95472,
    1.227317,
    1.53013,
    1.862042
  ],
  "bf": [
    1.297914
  ],
  "time": 2.272350121000045
}