{
  "r": [
    0.5,
    0.52,
    0.54,
    0.56,
    0.58,
    0.6,
    0.62,
    0.64,
    0.66,
    0.68,
    0.7,
    0.72,
    0.74,
    0.76,
    0.78,
    0.8,
    0.82,
    0.84,
    0.86,
    0.88,
    0.9,
    0.92,
    0.94,
    0.96,
    0.98,
    1.0,
    1.02,
    1.04,
    1.06,
    1.08,
    1.1,
    1.12,
    1.14,
    1.16,
    1.18,
    1.2,
    1.22,
    1.24,
    1.26,
    1.28,
    1.3,
    1.32,
    1.34,
    1.36,
    1.38,
    1.4,
    1.42,
    1.44,
    1.46,
    1.48,
    1.5
  ],
  "nll": [
    52.671541,
    48.823352,
    45.390401,
    42.333214,
    39.617246,
    37.211877,
    35.090149,
    33.108124,
    31.123007,
    29.144871,
    27.185705,
    25.258252,
    23.374651,
    21.546355,
    19.782794,
    18.091444,
    16.47779,
    14.945506,
    13.496747,
    12.132416,
    10.852449,
    9.656031,
    8.541797,
    7.507969,
    6.552494,
    5.67311,
    4.867448,
    4.133001,
    3.466438,
    2.86496,
    2.326869,
    1.850623,
    1.434431,
    1.076113,
    0.772412,
    0.521288,
    0.322022,
    0.172962,
    0.071885,
    0.015621,
    0.000163,
    0.021607,
    0.076469,
    0.161919,
    0.275877,
    0.416981,
    0.584587,
    0.777966,
    0.997153,
    1.241299,
    1.508804
  ],
  "bf": [
    1.297834
  ],
  "time": 0.028310029000067516
}