{
  "r": [
    0.5,
    0.52,
    0.54,
    0.56,
    0.58,
    0.6,
    0.62,
    0.64,
    0.66,
    0.68,
    0.7,
    0.72,
    0.74,
    0.76,
    0.78,
    0.8,
    0.82,
    0.84,
    0.86,
    0.88,
    0.9,
    0.92,
    0.94,
    0.96,
    0.98,
    1.0,
    1.02,
    1.04,
    1.06,
    1.08,
    1.1,
    1.12,
    1.14,
    1.16,
    1.18,
    1.2,
    1.22,
    1.24,
    1.26,
    1.28,
    1.3,
    1.32,
    1.34,
    1.36,
    1.38,
    1.4,
    1.42,
    1.44,
    1.46,
    1.48,
    1.5
  ],
  "nll": [
    10.66859,
    9.719086,
    8.823636,
    7.98056,
    7.188461,
    6.445863,
    5.75132,
    5.103418,
    4.500776,
    3.942044,
    3.425905,
    2.951076,
    2.516305,
    2.120376,
    1.762104,
    1.440339,
    1.153809,
    0.900571,
    0.679572,
    0.4907,
    0.333934,
    0.208877,
    0.114584,
    0.049594,
    0.012076,
    2.3e-05,
    0.011431,
    0.04446,
    0.097536,
    0.169409,
    0.259169,
    0.36623,
    0.490281,
    0.631218,
    0.789048,
    0.96376,
    1.155157,
    1.362629,
    1.585251,
    1.822549,
    2.074113,
    2.339541,
    2.618445,
    2.910447,
    3.215181,
    3.532288,
    3.861423,
    4.202248,
    4.554433,
    4.917659,
    5.291616
  ],
  "bf": [
    1.0
  ],
  "time": 0.014245452999944064
}