{
  "r": [
    1.0,
    0.5,
    0.52,
    0.54,
    0.56,
    0.58,
    0.6,
    0.62,
    0.64,
    0.66,
    0.68,
    0.7,
    0.72,
    0.74,
    0.76,
    0.78,
    0.8,
    0.82,
    0.84,
    0.86,
    0.88,
    0.9,
    0.92,
    0.94,
    0.96,
    0.98,
    1.02,
    1.04,
    1.06,
    1.08,
    1.1,
    1.12,
    1.14,
    1.16,
    1.18,
    1.2,
    1.22,
    1.24,
    1.26,
    1.28,
    1.3,
    1.32,
    1.34,
    1.36,
    1.38,
    1.4,
    1.42,
    1.44,
    1.46,
    1.48,
    1.5
  ],
  "nll": [
    0.0,
    10.66859,
    9.719075,
    8.823555,
    7.980502,
    7.188417,
    6.445829,
    5.751293,
    5.103397,
    4.50076,
    3.942031,
    3.425895,
    2.951068,
    2.516299,
    2.120372,
    1.762101,
    1.440336,
    1.153959,
    0.901894,
    0.683058,
    0.49645,
    0.341075,
    0.215969,
    0.120199,
    0.052876,
    0.013078,
    0.012808,
    0.050715,
    0.112978,
    0.198696,
    0.307325,
    0.438101,
    0.590348,
    0.763409,
    0.95665,
    1.169458,
    1.401217,
    1.651381,
    1.919381,
    2.204678,
    2.506748,
    2.825085,
    3.1592,
    3.508619,
    3.872882,
    4.251544,
    4.644176,
    5.050359,
    5.46969,
    5.901777,
    6.346242
  ],
  "bf": [
    1.0
  ],
  "time": 2.5513844680000375
}