{
  "r": [
    1.0,
    0.5,
    0.52,
    0.54,
    0.56,
    0.58,
    0.6,
    0.62,
    0.64,
    0.66,
    0.68,
    0.7,
    0.72,
    0.74,
    0.76,
    0.78,
    0.8,
    0.82,
    0.84,
    0.86,
    0.88,
    0.9,
    0.92,
    0.94,
    0.96,
    0.98,
    1.02,
    1.04,
    1.06,
    1.08,
    1.1,
    1.12,
    1.14,
    1.16,
    1.18,
    1.2,
    1.22,
    1.24,
    1.26,
    1.28,
    1.3,
    1.32,
    1.34,
    1.36,
    1.38,
    1.4,
    1.42,
    1.44,
    1.46,
    1.48,
    1.5
  ],
  "nll": [
    2.417968,
    22.293158,
    20.971984,
    19.703124,
    18.48541,
    17.317676,
    16.198763,
    15.127523,
    14.102817,
    13.123524,
    12.188531,
    11.296744,
    10.447087,
    9.6385,
    8.869942,
    8.140391,
    7.448845,
    6.794323,
    6.175883,
    5.592534,
    5.043394,
    4.52756,
    4.044154,
    3.592318,
    3.171237,
    2.780031,
    2.084255,
    1.778151,
    1.498868,
    1.245746,
    1.018068,
    0.815155,
    0.636349,
    0.481006,
    0.348502,
    0.238209,
    0.149565,
    0.081983,
    0.034904,
    0.007782,
    9.1e-05,
    0.011314,
    0.040952,
    0.088519,
    0.153543,
    0.235565,
    0.334136,
    0.448825,
    0.579208,
    0.724875,
    0.885427
  ],
  "bf": [
    1.298527
  ],
  "time": 2.2688355789999832
}