{
  "r": [
    0.5,
    0.6,
    0.7,
    0.8,
    0.9,
    1.0,
    1.1,
    1.2,
    1.3,
    1.4,
    1.5
  ],
  "nll": [
    99.432036,
    67.994256,
    40.417633,
    18.770568,
    4.789452,
    0.0,
    4.52679,
    17.3652,
    37.329593,
    63.325639,
    94.391593
  ],
  "bf": [
    1.0
  ],
  "time": 0.005941273999951591
}