{
  "r": [
    0.5,
    0.6,
    0.7,
    0.8,
    0.9,
    1.0,
    1.1,
    1.2,
    1.3,
    1.4,
    1.5
  ],
  "nll": [
    0.294583,
    0.18555,
    0.102771,
    0.044996,
    0.011087,
    0.0,
    0.010785,
    0.042553,
    0.094505,
    0.16589,
    0.256017
  ],
  "bf": [
    1.0
  ],
  "time": 0.006157357999995838
}