{
  "r": [
    1.0,
    0.5,
    0.6,
    0.7,
    0.8,
    0.9,
    1.1,
    1.2,
    1.3,
    1.4,
    1.5
  ],
  "nll": [
    1e-06,
    7.333625,
    5.751613,
    4.108826,
    2.468667,
    0.908266,
    1.957775,
    8.968911,
    21.015086,
    37.356427,
    57.080281
  ],
  "bf": [
    1.0
  ],
  "time": 2.51470310600007
}