{
  "r": [
    1.0,
    0.5,
    0.6,
    0.7,
    0.8,
    0.9,
    1.1,
    1.2,
    1.3,
    1.4,
    1.5
  ],
  "nll": [
    0.0,
    0.27944,
    0.176953,
    0.098445,
    0.043261,
    0.010692,
    0.010442,
    0.041256,
    0.091698,
    0.161022,
    0.248496
  ],
  "bf": [
    1.0
  ],
  "time": 2.52173195499995
}