{
  "r": [
    0.5,
    0.6,
    0.7,
    0.8,
    0.9,
    1.0,
    1.1,
    1.2,
    1.3,
    1.4,
    1.5
  ],
  "nll": [
    0.59949,
    0.439537,
    0.306449,
    0.198885,
    0.115622,
    0.055545,
    0.01764,
    0.000983,
    0.004733,
    0.028122,
    0.070446
  ],
  "bf": [
    1.231177
  ],
  "time": 0.3240081840000357
}