{
  "r": [
    1.0,
    0.5,
    0.6,
    0.7,
    0.8,
    0.9,
    1.1,
    1.2,
    1.3,
    1.4,
    1.5
  ],
  "nll": [
    2.462633,
    3.635075,
    1.597992,
    0.6072,
    0.041529,
    0.286568,
    8.610806,
    19.973331,
    36.293092,
    56.7787,
    80.047189
  ],
  "bf": [
    0.830223
  ],
  "time": 2.7194828140000027
}