{
  "r": [
    1.0,
    0.5,
    0.6,
    0.7,
    0.8,
    0.9,
    1.1,
    1.2,
    1.3,
    1.4,
    1.5
  ],
  "nll": [
    0.009719,
    0.125396,
    0.070091,
    0.030458,
    0.007078,
    8e-05,
    0.035883,
    0.078449,
    0.137005,
    0.211321,
    0.300929
  ],
  "bf": [
    0.892113
  ],
  "time": 3.1481701569999814
}