{
  "r": [
    0.5,
    0.6,
    0.7,
    0.8,
    0.9,
    1.0,
    1.1,
    1.2,
    1.3,
    1.4,
    1.5
  ],
  "nll": [
    91.323501,
    59.730564,
    33.064892,
    12.984756,
    1.838308,
    0.81059,
    9.576759,
    26.973163,
    51.588838,
    82.192086,
    116.860248
  ],
  "bf": [
    0.959891
  ],
  "time": 0.2549846769999249
}