{
  "r": [
    0.5,
    0.6,
    0.7,
    0.8,
    0.9,
    1.0,
    1.1,
    1.2,
    1.3,
    1.4,
    1.5
  ],
  "nll": [
    24.57316,
    15.88382,
    8.626698,
    3.606047,
    0.839077,
    0.0,
    0.723368,
    2.692879,
    5.65357,
    9.404173,
    13.786335
  ],
  "bf": [
    1.0
  ],
  "time": 0.0017505270000128803
}