{
  "r": [
    0.5,
    0.6,
    0.7,
    0.8,
    0.9,
    1.0,
    1.1,
    1.2,
    1.3,
    1.4,
    1.5
  ],
  "nll": [
    24.573166,
    15.883834,
    8.6267,
    3.606053,
    0.839082,
    6e-06,
    0.72337,
    2.692903,
    5.65358,
    9.404177,
    13.786337
  ],
  "bf": [
    1.0
  ],
  "time": 0.015088988000002246
}