{
  "r": [
    0.5,
    0.6,
    0.7,
    0.8,
    0.9,
    1.0,
    1.1,
    1.2,
    1.3,
    1.4,
    1.5
  ],
  "nll": [
    10.786825,
    2.097485,
    -5.159637,
    -10.180288,
    -12.947258,
    -13.786335,
    -13.062967,
    -11.093456,
    -8.132765,
    -4.382162,
    0.0
  ],
  "bf": [
    1.0
  ],
  "time": 0.0036151890001292486
}