{
  "r": [
    1.0,
    0.5,
    0.6,
    0.7,
    0.8,
    0.9,
    1.1,
    1.2,
    1.3,
    1.4,
    1.5
  ],
  "nll": [
    0.0,
    24.573158,
    15.883822,
    8.626697,
    3.606087,
    0.839078,
    0.723372,
    2.69288,
    5.653574,
    9.404175,
    13.786432
  ],
  "bf": [
    1.0
  ],
  "time": 2.3608802449999757
}