{
  "r": [
    0.5,
    0.6,
    0.7,
    0.8,
    0.9,
    1.0,
    1.1,
    1.2,
    1.3,
    1.4,
    1.5
  ],
  "nll": [
    52.671556,
    37.211873,
    27.18572,
    18.091459,
    10.852462,
    5.673122,
    2.332947,
    0.533243,
    0.000198,
    0.505065,
    1.862042
  ],
  "bf": [
    1.298081
  ],
  "time": 0.015484157999935633
}