{
  "r": [
    0.5,
    0.6,
    0.7,
    0.8,
    0.9,
    1.0,
    1.1,
    1.2,
    1.3,
    1.4,
    1.5
  ],
  "nll": [
    50.809514,
    35.349831,
    25.323678,
    16.229417,
    8.99042,
    3.81108,
    0.470905,
    -1.328799,
    -1.861844,
    -1.356977,
    0.0
  ],
  "bf": [
    1.298081
  ],
  "time": 0.03384007199997541
}