{
  "r": [
    1.0,
    0.5,
    0.6,
    0.7,
    0.8,
    0.9,
    1.1,
    1.2,
    1.3,
    1.4,
    1.5
  ],
  "nll": [
    5.673144,
    46.554477,
    37.059323,
    27.18572,
    18.091458,
    10.852462,
    2.332975,
    0.533243,
    0.000198,
    0.505064,
    1.862041
  ],
  "bf": [
    1.297914
  ],
  "time": 3.046371381999961
}