{
  "r": [
    0.5,
    0.6,
    0.7,
    0.8,
    0.9,
    1.0,
    1.1,
    1.2,
    1.3,
    1.4,
    1.5
  ],
  "nll": [
    52.671599,
    37.211876,
    27.185741,
    18.091466,
    10.852501,
    5.673138,
    2.332952,
    0.533243,
    0.0002,
    0.505066,
    1.862042
  ],
  "bf": [
    1.298028
  ],
  "time": 0.060584546000200135
}