{
  "r": [
    0.5,
    0.6,
    0.7,
    0.8,
    0.9,
    1.0,
    1.1,
    1.2,
    1.3,
    1.4,
    1.5
  ],
  "nll": [
    6.623784,
    1.398684,
    -2.423433,
    -4.985604,
    -6.431796,
    -6.880409,
    -6.554124,
    -5.64852,
    -4.210722,
    -2.30913,
    0.0
  ],
  "bf": [
    1.0
  ],
  "time": 0.003244569000116826
}