{
  "r": [
    1.0,
    0.5,
    0.6,
    0.7,
    0.8,
    0.9,
    1.1,
    1.2,
    1.3,
    1.4,
    1.5
  ],
  "nll": [
    0.0,
    13.504192,
    8.279093,
    4.456976,
    1.894823,
    0.453028,
    0.319686,
    1.23193,
    2.669688,
    4.57128,
    6.880477
  ],
  "bf": [
    1.0
  ],
  "time": 1.9023934429999372
}