{
  "r": [
    1.0,
    0.5,
    0.52,
    0.54,
    0.56,
    0.58,
    0.6,
    0.62,
    0.64,
    0.66,
    0.68,
    0.7,
    0.72,
    0.74,
    0.76,
    0.78,
    0.8,
    0.82,
    0.84,
    0.86,
    0.88,
    0.9,
    0.92,
    0.94,
    0.96,
    0.98,
    1.02,
    1.04,
    1.06,
    1.08,
    1.1,
    1.12,
    1.14,
    1.16,
    1.18,
    1.2,
    1.22,
    1.24,
    1.26,
    1.28,
    1.3,
    1.32,
    1.34,
    1.36,
    1.38,
    1.4,
    1.42,
    1.44,
    1.46,
    1.48,
    1.5
  ],
  "nll": [
    1.779901,
    25.688282,
    24.154894,
    22.675833,
    21.250336,
    19.877626,
    18.556909,
    17.287378,
    16.068215,
    14.898594,
    13.777678,
    12.704629,
    11.678601,
    10.698747,
    9.764217,
    8.874165,
    8.027742,
    7.224105,
    6.462412,
    5.741827,
    5.06152,
    4.420749,
    3.818469,
    3.254062,
    2.726697,
    2.235617,
    1.358956,
    0.971853,
    0.617966,
    0.296522,
    0.006808,
    -0.251982,
    -0.48044,
    -0.679296,
    -0.849231,
    -0.990911,
    -1.104988,
    -1.192104,
    -1.252889,
    -1.287958,
    -1.297917,
    -1.283356,
    -1.244857,
    -1.182986,
    -1.098305,
    -0.991348,
    -0.862652,
    -0.712737,
    -0.542112,
    -0.351275,
    -0.140712
  ],
  "bf": [
    1.298035
  ],
  "time": 2.2744167960000823
}