{
  "r": [
    1.0,
    0.5,
    0.6,
    0.7,
    0.8,
    0.9,
    1.1,
    1.2,
    1.3,
    1.4,
    1.5
  ],
  "nll": [
    1.779901,
    25.688282,
    18.556909,
    12.704629,
    8.027742,
    4.420749,
    0.006808,
    -0.990911,
    -1.297917,
    -0.991348,
    -0.140712
  ],
  "bf": [
    1.298035
  ],
  "time": 2.2415393790000735
}