{
  "r": [
    0.5,
    0.6,
    0.7,
    0.8,
    0.9,
    1.0,
    1.1,
    1.2,
    1.3,
    1.4,
    1.5
  ],
  "nll": [
    27.817228,
    19.854943,
    14.002664,
    9.325778,
    5.718701,
    3.077976,
    1.304803,
    0.300819,
    0.000103,
    0.24563,
    0.904729
  ],
  "bf": [
    1.29806
  ],
  "time": 0.013592509999853064
}