{
  "r": [
    1.0,
    0.5,
    0.6,
    0.7,
    0.8,
    0.9,
    1.1,
    1.2,
    1.3,
    1.4,
    1.5
  ],
  "nll": [
    3.077931,
    26.986312,
    19.854939,
    14.002659,
    9.325772,
    5.718779,
    1.304838,
    0.307119,
    0.000185,
    0.238575,
    0.904673
  ],
  "bf": [
    1.297608
  ],
  "time": 3.7641395400000874
}