{
  "r": [
    1.0,
    0.5,
    0.699999988079071,
    0.8999999761581421,
    1.100000023841858,
    1.2999999523162842,
    1.5
  ],
  "nll": [
    6.185270518071561e-14,
    28.675310134887756,
    9.5247011184693,
    0.9799335598946236,
    0.9109145402908944,
    7.650872230529847,
    19.90883255004889
  ]
}