{
  "r": [
    1.0,
    0.5,
    0.55,
    0.6000000000000001,
    0.6500000000000001,
    0.7000000000000002,
    0.7500000000000002,
    0.8000000000000003,
    0.8500000000000003,
    0.9000000000000004,
    0.9500000000000004,
    1.0000000000000004,
    1.0500000000000005,
    1.1000000000000005,
    1.1500000000000006,
    1.2000000000000006,
    1.2500000000000007,
    1.3000000000000007,
    1.3500000000000008,
    1.4000000000000008,
    1.4500000000000008
  ],
  "nll": [
    0.0,
    26.63788545725771,
    21.405845092808022,
    16.758990083928836,
    12.69984371246585,
    9.22586494116689,
    6.329451977635529,
    3.9988876301155756,
    2.2191011300505465,
    0.9724789646584782,
    0.2396213634428932,
    6.2858611613592075e-06,
    0.2325441444389753,
    0.9160219683438982,
    2.029445390782655,
    3.5522917819734516,
    5.464689467595235,
    7.747537538211077,
    10.382579244270403,
    13.352440021759833,
    16.64063920364191
  ]
}