{
  "r": [
    0.5,
    0.55,
    0.6000000000000001,
    0.6500000000000001,
    0.7000000000000002,
    0.7500000000000002,
    0.8000000000000003,
    0.8500000000000003,
    0.9000000000000004,
    0.9500000000000004,
    1.0000000000000004,
    1.0500000000000005,
    1.1000000000000005,
    1.1500000000000006,
    1.2000000000000006,
    1.2500000000000007,
    1.3000000000000007,
    1.3500000000000008,
    1.4000000000000008,
    1.4500000000000008,
    1.5000000000000009,
    1.0
  ],
  "nll": [
    26.637878440106306,
    21.40592597692978,
    16.758942474110768,
    12.699837201335072,
    9.225858631627204,
    6.329445675587067,
    3.99888133576826,
    2.2190948397762895,
    0.9724726771808037,
    0.2396150773886916,
    0.0,
    0.23253785778092606,
    0.9160156803100108,
    2.029439100839909,
    3.5522854898811715,
    5.46468317318363,
    7.7475312414870245,
    10.382572945201844,
    13.352433720447323,
    16.640632900210676,
    20.231576332089162,
    6.284229471020808e-06
  ]
}