{
  "r": [
    1.0,
    0.5,
    0.550000011920929,
    0.6000000238418579,
    0.6499999761581421,
    0.699999988079071,
    0.75,
    0.800000011920929,
    0.8500000238418579,
    0.8999999761581421,
    0.949999988079071,
    1.0499999523162842,
    1.100000023841858,
    1.149999976158142,
    1.2000000476837158,
    1.25,
    1.2999999523162842,
    1.350000023841858,
    1.399999976158142,
    1.4500000476837158,
    1.5
  ],
  "nll": [
    6.185270518071561e-14,
    28.675310134887756,
    22.75743865966803,
    17.62103843688971,
    13.22359371185309,
    9.5247011184693,
    6.486074447631898,
    4.071579456329408,
    2.246873378753724,
    0.9799335598946236,
    0.24046103656298146,
    0.231838747859063,
    0.9109145402908944,
    2.0137202739716193,
    3.518212556839051,
    5.403723239898744,
    7.650872230529847,
    10.241485595703187,
    13.15851688385016,
    16.385971069335998,
    19.90883255004889
  ]
}