{
  "r": [
    0.5,
    0.52,
    0.54,
    0.56,
    0.58,
    0.6,
    0.62,
    0.64,
    0.66,
    0.68,
    0.7,
    0.72,
    0.74,
    0.76,
    0.78,
    0.8,
    0.82,
    0.84,
    0.86,
    0.88,
    0.9,
    0.92,
    0.94,
    0.96,
    0.98,
    1.0,
    1.02,
    1.04,
    1.06,
    1.08,
    1.1,
    1.12,
    1.14,
    1.16,
    1.18,
    1.2,
    1.22,
    1.24,
    1.26,
    1.28,
    1.3,
    1.32,
    1.34,
    1.36,
    1.38,
    1.4,
    1.42,
    1.44,
    1.46,
    1.48,
    1.5
  ],
  "nll": [
    26.637885,
    24.475254,
    22.405626,
    20.429488,
    18.54719,
    16.758939,
    15.064797,
    13.464691,
    11.958413,
    10.545624,
    9.225865,
    7.998563,
    6.863037,
    5.818509,
    4.864108,
    3.998884,
    3.221814,
    2.531807,
    1.927718,
    1.408352,
    0.972473,
    0.618809,
    0.346059,
    0.152902,
    0.038,
    0.0,
    0.037546,
    0.149278,
    0.333836,
    0.589865,
    0.916017,
    1.310955,
    1.773354,
    2.301903,
    2.895307,
    3.552288,
    4.271589,
    5.051971,
    5.892217,
    6.79113,
    7.747535,
    8.760282,
    9.82824,
    10.950304,
    12.12539,
    13.352438,
    14.630411,
    15.958292,
    17.335091,
    18.759837,
    20.231582
  ],
  "bf": [
    1.0
  ],
  "time": 0.008531575000006342
}