{
  "r": [
    1.0,
    0.5,
    0.7,
    0.9,
    1.1,
    1.3,
    1.5
  ],
  "nll": [
    0.0,
    26.63788545725771,
    9.225865353825668,
    0.9724730137007214,
    0.9160173621087324,
    7.747535232053906,
    20.231745457911074
  ]
}