{
  "r": [
    0.5,
    0.55,
    0.6,
    0.65,
    0.7,
    0.75,
    0.8,
    0.85,
    0.9,
    0.95,
    1.0,
    1.05,
    1.1,
    1.15,
    1.2,
    1.25,
    1.3,
    1.35,
    1.4,
    1.45,
    1.5
  ],
  "nll": [
    26.63787844013609,
    21.405925976959566,
    16.75894247414135,
    12.699837201352523,
    9.225858631615893,
    6.329445675617535,
    3.9988813357717845,
    2.2190948398016417,
    0.9724726772403756,
    0.2396150774032435,
    0.0,
    0.2325378578250934,
    0.9160156803364998,
    2.029439100864579,
    3.552285489921701,
    5.464683173225865,
    7.747531241514878,
    10.382572945195761,
    13.352433720466706,
    16.640632900246146,
    20.231576332091436
  ]
}