{
  "r": [
    1.0,
    0.5,
    0.55,
    0.6,
    0.65,
    0.7,
    0.75,
    0.8,
    0.85,
    0.9,
    0.95,
    1.05,
    1.1,
    1.15,
    1.2,
    1.25,
    1.3,
    1.35,
    1.4,
    1.45,
    1.5
  ],
  "nll": [
    6.185270518071561e-14,
    28.675310134887756,
    22.75743865966803,
    17.62103843688971,
    13.22359371185309,
    9.5247011184693,
    6.486074447631898,
    4.071579456329408,
    2.246873378753724,
    0.9799335598946236,
    0.24046103656298146,
    0.231838747859063,
    0.9109145402908944,
    2.0137202739716193,
    3.518212556839051,
    5.403723239898744,
    7.650872230529847,
    10.241485595703187,
    13.15851688385016,
    16.385971069335998,
    19.90883255004889
  ],
  "bf": 1.0
}