{
  "r": [
    1.0,
    0.5,
    0.55,
    0.6000000000000001,
    0.6500000000000001,
    0.7000000000000002,
    0.7500000000000002,
    0.8000000000000003,
    0.8500000000000003,
    0.9000000000000004,
    0.9500000000000004,
    1.0000000000000004,
    1.0500000000000005,
    1.1000000000000005,
    1.1500000000000006,
    1.2000000000000006,
    1.2500000000000007,
    1.3000000000000007,
    1.3500000000000008,
    1.4000000000000008,
    1.4500000000000008,
    1.5000000000000009
  ],
  "nll": [
    7.586496125428823,
    59.278517433987986,
    51.85256799977077,
    44.90425058317845,
    38.448772195055824,
    32.49840425919189,
    27.061181815644943,
    22.141219544189596,
    17.738740368450465,
    13.85034088403171,
    10.46938874661629,
    7.5864996548584145,
    5.190046191758881,
    3.266659254831552,
    1.8016939766885685,
    0.7796430794308549,
    0.1844898776674313,
    0.0,
    0.2099553875304423,
    0.7983366509928942,
    1.7494609468765816,
    3.0480826492923825
  ]
}