{
  "r": [
    1.0,
    0.5,
    0.7,
    0.9,
    1.1,
    1.3,
    1.5
  ],
  "nll": [
    7.586499979729183,
    59.278521288319126,
    32.49839779182548,
    13.850343616686587,
    3.266774930721567,
    0.0,
    3.048084090716088
  ]
}