{
  "r": [
    0.5,
    0.55,
    0.6,
    0.65,
    0.7,
    0.75,
    0.8,
    0.85,
    0.9,
    0.95,
    1.0,
    1.05,
    1.1,
    1.15,
    1.2,
    1.25,
    1.3,
    1.35,
    1.4,
    1.45,
    1.5
  ],
  "nll": [
    59.27852513177044,
    51.852568021405034,
    44.90426090755375,
    38.44877226120849,
    32.49840427022457,
    27.061181836404216,
    22.141219559282376,
    17.7387403785674,
    13.850340889959398,
    10.469388749282757,
    7.5864996551655395,
    5.190046190514181,
    3.2666592528834144,
    1.8016939746032676,
    0.7796430776954821,
    0.18448987664669403,
    0.0,
    0.20995538883096287,
    0.7983366535856931,
    1.7494609508798362,
    3.0480826547280913
  ],
  "bf": 1.2982675049056092
}