{
  "r": [
    1.0,
    0.6800000071525574,
    0.8400000333786011,
    1.0,
    1.159999966621399,
    1.3199999332427979
  ],
  "nll": [
    7.746765526068912,
    37.34559479547809,
    19.3525823671944,
    7.746765519144696,
    1.5746554453499177,
    0.03786269022296462
  ]
}