{
  "r": [
    1.0,
    0.5,
    0.55,
    0.6000000000000001,
    0.6500000000000001,
    0.7000000000000002,
    0.7500000000000002,
    0.8000000000000003,
    0.8500000000000003,
    0.9000000000000004,
    0.9500000000000004,
    1.0000000000000004,
    1.0500000000000005,
    1.1000000000000005,
    1.1500000000000006,
    1.2000000000000006,
    1.2500000000000007,
    1.3000000000000007,
    1.3500000000000008,
    1.4000000000000008,
    1.4500000000000008
  ],
  "nll": [
    7.586496125228848,
    59.278517434003845,
    51.852567999805444,
    44.90425058445874,
    38.44877219507083,
    32.49840425921133,
    27.061181815682176,
    22.14121954422825,
    17.73874036846371,
    13.850340884087416,
    10.46938874666813,
    7.586499654905879,
    5.1900461917762755,
    3.2666592548607696,
    1.8016939767434792,
    0.7796430794666662,
    0.1844898776915329,
    0.0,
    0.20995538759598276,
    0.7983366510174505,
    1.7494609468856765
  ]
}