{
  "r": [
    0.5,
    0.55,
    0.6000000000000001,
    0.6500000000000001,
    0.7000000000000002,
    0.7500000000000002,
    0.8000000000000003,
    0.8500000000000003,
    0.9000000000000004,
    0.9500000000000004,
    1.0000000000000004,
    1.0500000000000005,
    1.1000000000000005,
    1.1500000000000006,
    1.2000000000000006,
    1.2500000000000007,
    1.3000000000000007,
    1.3500000000000008,
    1.4000000000000008,
    1.4500000000000008,
    1.5000000000000009,
    1.0
  ],
  "nll": [
    59.27852511278476,
    51.85256802126065,
    44.90426092019305,
    38.44877226096406,
    32.498404270026356,
    27.06118183624841,
    22.14121955919103,
    17.738740378469004,
    13.850340889851907,
    10.469388749168786,
    7.5864996551103445,
    5.190046190478938,
    3.266659252815259,
    1.801693974537102,
    0.7796430776579086,
    0.18448987659968452,
    0.0,
    0.20995538875712327,
    0.7983366535179925,
    1.749460950767343,
    3.0480826546293542,
    7.5865203192707895
  ]
}