{
  "r": [
    0.5,
    0.52,
    0.54,
    0.56,
    0.58,
    0.6,
    0.62,
    0.64,
    0.66,
    0.68,
    0.7,
    0.72,
    0.74,
    0.76,
    0.78,
    0.8,
    0.82,
    0.84,
    0.86,
    0.88,
    0.9,
    0.92,
    0.94,
    0.96,
    0.98,
    1.0,
    1.02,
    1.04,
    1.06,
    1.08,
    1.1,
    1.12,
    1.14,
    1.16,
    1.18,
    1.2,
    1.22,
    1.24,
    1.26,
    1.28,
    1.3,
    1.32,
    1.34,
    1.36,
    1.38,
    1.4,
    1.42,
    1.44,
    1.46,
    1.48,
    1.5
  ],
  "nll": [
    59.278826,
    56.252276,
    53.300415,
    50.424437,
    47.625436,
    44.904432,
    42.262356,
    39.70005,
    37.218257,
    34.817624,
    32.498695,
    30.261913,
    28.107617,
    26.036046,
    24.047334,
    22.14152,
    20.318544,
    18.578252,
    16.920403,
    15.344668,
    13.85064,
    12.437834,
    11.105696,
    9.853606,
    8.680884,
    7.586795,
    6.570556,
    5.631337,
    4.768271,
    3.980454,
    3.266954,
    2.62681,
    2.059043,
    1.562652,
    1.136626,
    0.779938,
    0.491556,
    0.270442,
    0.115555,
    0.025853,
    0.000296,
    0.037848,
    0.137478,
    0.298162,
    0.518883,
    0.798634,
    1.136419,
    1.531253,
    1.982163,
    2.488188,
    3.048381
  ],
  "bf": [
    1.298268
  ],
  "time": 0.007074701999954414
}