{
  "r": [
    1.0,
    0.5,
    0.7,
    0.9,
    1.1,
    1.3,
    1.5
  ],
  "nll": [
    7.5865340101409515,
    59.278521304045626,
    32.49839789156442,
    13.850343443609916,
    3.266782413934891,
    0.0,
    3.04808407278648
  ]
}