{
  "r": [
    0.68,
    0.84,
    1,
    1.16,
    1.32
  ],
  "nll": [
    34.779658119013106,
    18.540250365702946,
    7.548797012431635,
    1.5246496737299822,
    0.0
  ]
}