{
  "r": [
    1.0,
    0.5,
    0.52,
    0.54,
    0.56,
    0.58,
    0.6,
    0.62,
    0.64,
    0.66,
    0.68,
    0.7,
    0.72,
    0.74,
    0.76,
    0.78,
    0.8,
    0.82,
    0.84,
    0.86,
    0.88,
    0.9,
    0.92,
    0.94,
    0.96,
    0.98,
    1.02,
    1.04,
    1.06,
    1.08,
    1.1,
    1.12,
    1.14,
    1.16,
    1.18,
    1.2,
    1.22,
    1.24,
    1.26,
    1.28,
    1.3,
    1.32,
    1.34,
    1.36,
    1.38,
    1.4,
    1.46,
    1.48,
    1.5
  ],
  "nll": [
    -0.0,
    13.504183,
    12.340101,
    11.236671,
    10.19278,
    9.207296,
    8.279087,
    7.407006,
    6.589905,
    5.826634,
    5.116039,
    4.456974,
    3.848294,
    3.288862,
    2.777549,
    2.313291,
    1.894822,
    1.521169,
    1.191231,
    0.903931,
    0.65821,
    0.453028,
    0.287397,
    0.159713,
    0.068743,
    0.016182,
    0.01417,
    0.053984,
    0.117755,
    0.206197,
    0.319685,
    0.456933,
    0.617318,
    0.800297,
    1.005339,
    1.231929,
    1.479456,
    1.747519,
    2.035578,
    2.343147,
    2.669686,
    3.014782,
    3.377948,
    3.758712,
    4.156638,
    4.571277,
    5.911216,
    6.388488,
    6.880472
  ],
  "bf": [
    1.0
  ],
  "time": 3.510949936999964
}