{
  "r": [
    0.5,
    0.52,
    0.54,
    0.56,
    0.58,
    0.6,
    0.62,
    0.64,
    0.66,
    0.68,
    0.7,
    0.72,
    0.74,
    0.76,
    0.78,
    0.8,
    0.82,
    0.84,
    0.86,
    0.88,
    0.9,
    0.92,
    0.94,
    0.96,
    0.98,
    1.0,
    1.02,
    1.04,
    1.06,
    1.08,
    1.1,
    1.12,
    1.14,
    1.16,
    1.18,
    1.2,
    1.22,
    1.24,
    1.26,
    1.28,
    1.3,
    1.32,
    1.34,
    1.36,
    1.38,
    1.4,
    1.42,
    1.44,
    1.46,
    1.48,
    1.5
  ],
  "nll": [
    19.654081,
    17.506565,
    15.547974,
    13.763541,
    12.139769,
    10.664312,
    9.325862,
    8.114051,
    7.019367,
    6.033071,
    5.147131,
    4.354155,
    3.647335,
    3.020567,
    2.467554,
    1.983565,
    1.563182,
    1.202236,
    0.896153,
    0.641338,
    0.433887,
    0.270695,
    0.148419,
    0.064373,
    0.015689,
    3.5e-05,
    0.014943,
    0.058389,
    0.12843,
    0.222875,
    0.340181,
    0.478718,
    0.63697,
    0.813523,
    1.007058,
    1.216343,
    1.440228,
    1.677638,
    1.927568,
    2.18908,
    2.461295,
    2.743391,
    3.034599,
    3.334201,
    3.641521,
    3.955929,
    4.276833,
    4.603681,
    4.935952,
    5.273162,
    5.614853
  ],
  "bf": [
    1.0
  ],
  "time": 0.007024557000022469
}