{
  "r": [
    0.5,
    0.52,
    0.54,
    0.56,
    0.58,
    0.6,
    0.62,
    0.64,
    0.66,
    0.68,
    0.7,
    0.72,
    0.74,
    0.76,
    0.78,
    0.8,
    0.82,
    0.84,
    0.86,
    0.88,
    0.9,
    0.92,
    0.94,
    0.96,
    0.98,
    1.0,
    1.02,
    1.04,
    1.06,
    1.08,
    1.1,
    1.12,
    1.14,
    1.16,
    1.18,
    1.2,
    1.22,
    1.24,
    1.26,
    1.28,
    1.3,
    1.32,
    1.34,
    1.36,
    1.38,
    1.4,
    1.42,
    1.44,
    1.46,
    1.48,
    1.5
  ],
  "nll": [
    92.235074,
    76.512802,
    63.066409,
    51.799329,
    42.621017,
    35.446453,
    30.195708,
    26.79354,
    24.43748,
    22.255141,
    20.233671,
    18.362118,
    16.630359,
    15.029028,
    13.549453,
    12.183598,
    10.924012,
    9.763779,
    8.696476,
    7.716134,
    6.817202,
    5.994513,
    5.243436,
    4.558947,
    3.937512,
    3.374726,
    2.867362,
    2.411646,
    2.004733,
    1.64335,
    1.324986,
    1.046791,
    0.80655,
    0.601774,
    0.430506,
    0.290568,
    0.180226,
    0.097572,
    0.041071,
    0.009229,
    0.000261,
    0.012981,
    0.046088,
    0.098355,
    0.168632,
    0.255835,
    0.358944,
    0.476997,
    0.609086,
    0.754357,
    0.912003
  ],
  "bf": [
    1.298043
  ],
  "time": 0.008533414999988054
}