{
  "r": [
    1.0,
    0.5,
    0.52,
    0.54,
    0.56,
    0.58,
    0.6,
    0.62,
    0.64,
    0.66,
    0.68,
    0.7,
    0.72,
    0.74,
    0.76,
    0.78,
    0.8,
    0.82,
    0.84,
    0.86,
    0.88,
    0.9,
    0.92,
    0.94,
    0.96,
    0.98,
    1.02,
    1.04,
    1.06,
    1.08,
    1.1,
    1.12,
    1.14,
    1.16,
    1.18,
    1.2,
    1.22,
    1.24,
    1.26,
    1.28,
    1.3,
    1.32,
    1.34,
    1.36,
    1.38,
    1.4,
    1.42,
    1.44,
    1.46,
    1.48,
    1.5
  ],
  "nll": [
    3.077929,
    26.986283,
    25.452897,
    23.973836,
    22.548342,
    21.175633,
    19.854918,
    18.585388,
    17.366227,
    16.196606,
    15.075692,
    14.002644,
    12.976616,
    11.996764,
    11.062235,
    10.172184,
    9.325762,
    8.522126,
    7.760434,
    7.03985,
    6.359543,
    5.718773,
    5.116494,
    4.552088,
    4.024724,
    3.533644,
    2.656985,
    2.269882,
    1.915995,
    1.594552,
    1.304838,
    1.046049,
    0.817592,
    0.618736,
    0.448802,
    0.307122,
    0.192895,
    0.104625,
    0.043252,
    0.009268,
    0.00019,
    0.01224,
    0.042832,
    0.0906,
    0.155633,
    0.238581,
    0.339027,
    0.456215,
    0.589781,
    0.739468,
    0.90468
  ],
  "bf": [
    1.297608
  ],
  "time": 3.50116509999998
}