{
  "r": [
    1.0,
    0.5,
    0.6,
    0.7,
    0.8,
    0.9,
    1.1,
    1.2,
    1.3,
    1.4,
    1.5
  ],
  "nll": [
    -0.0,
    12.591812,
    7.75281,
    4.153694,
    1.745878,
    0.408787,
    0.357526,
    1.353625,
    2.906231,
    4.946837,
    7.411563
  ],
  "bf": [
    1.0
  ],
  "time": 2.902508723999972
}