{
  "r": [
    0.5,
    0.6,
    0.7,
    0.8,
    0.9,
    1.0,
    1.1,
    1.2,
    1.3,
    1.4,
    1.5
  ],
  "nll": [
    12.631515,
    7.745639,
    4.129638,
    1.729477,
    0.407248,
    1.5e-05,
    0.363029,
    1.37638,
    2.943968,
    4.990115,
    7.453667
  ],
  "bf": [
    1.0
  ],
  "time": 7.825817153000571
}