{
  "r": [
    0.5,
    0.6,
    0.7,
    0.8,
    0.9,
    1.0,
    1.1,
    1.2,
    1.3,
    1.4,
    1.5
  ],
  "nll": [
    12.631409,
    7.745576,
    4.129633,
    1.72946,
    0.407241,
    0.0,
    0.363028,
    1.376291,
    2.943824,
    4.989979,
    7.453619
  ],
  "bf": [
    1.0
  ],
  "time": 0.015958510000018578
}