{
  "r": [
    0.5,
    0.6,
    0.7,
    0.8,
    0.9,
    1.0,
    1.1,
    1.2,
    1.3,
    1.4,
    1.5
  ],
  "nll": [
    12.631557,
    7.745671,
    4.129658,
    1.729486,
    0.40725,
    1.5e-05,
    0.363032,
    1.376391,
    2.943993,
    4.99016,
    7.453737
  ],
  "bf": [
    1.0
  ],
  "time": 19.568291260000024
}