{
  "r": [
    0.5,
    0.6,
    0.7,
    0.8,
    0.9,
    1.0,
    1.1,
    1.2,
    1.3,
    1.4,
    1.5
  ],
  "nll": [
    22.457195,
    16.335414,
    11.060929,
    6.871015,
    3.760117,
    1.65332,
    0.444018,
    0.006373,
    0.226889,
    1.010983,
    2.283242
  ],
  "bf": [
    1.090239
  ],
  "time": 0.27807175299994924
}