{
  "r": [
    0.5,
    0.6,
    0.7,
    0.8,
    0.9,
    1.0,
    1.1,
    1.2,
    1.3,
    1.4,
    1.5
  ],
  "nll": [
    22.457307,
    16.33555,
    11.060896,
    6.870943,
    3.760037,
    1.653251,
    0.443935,
    0.006313,
    0.226927,
    1.011095,
    2.28336
  ],
  "bf": [
    1.213751
  ],
  "time": 3.2248012669999753
}