{
  "r": [
    0.5,
    0.6,
    0.7,
    0.8,
    0.9,
    1.0,
    1.1,
    1.2,
    1.3,
    1.4,
    1.5
  ],
  "nll": [
    22.457279,
    16.335528,
    11.060882,
    6.870937,
    3.760038,
    1.653256,
    0.44394,
    0.006313,
    0.22692,
    1.011074,
    2.283321
  ],
  "bf": [
    1.213752
  ],
  "time": 1.6057840670000587
}