{
  "r": [
    1.0,
    0.5,
    0.6,
    0.7,
    0.8,
    0.9,
    1.1,
    1.2,
    1.3,
    1.4,
    1.5
  ],
  "nll": [
    1.67552,
    22.240055,
    16.204428,
    10.994338,
    6.842936,
    3.7646,
    0.457792,
    0.008336,
    0.217219,
    0.993105,
    2.258139
  ],
  "bf": [
    1.216034
  ],
  "time": 2.3604156839999177
}