{
  "r": [
    1.0,
    0.5,
    0.6,
    0.7,
    0.8,
    0.9,
    1.1,
    1.2,
    1.3,
    1.4,
    1.5
  ],
  "nll": [
    4.9e-05,
    4.431955,
    2.702874,
    1.454549,
    0.620453,
    0.149407,
    0.13929,
    0.538881,
    1.175351,
    2.028506,
    3.080851
  ],
  "bf": [
    1.0
  ],
  "time": 5.752450995999993
}