{
  "r": [
    0.5,
    0.6,
    0.7,
    0.8,
    0.9,
    1.0,
    1.1,
    1.2,
    1.3,
    1.4,
    1.5
  ],
  "nll": [
    4.449629,
    2.713253,
    1.459719,
    0.622489,
    0.149719,
    0.0,
    0.139478,
    0.539933,
    1.17746,
    2.031527,
    3.084318
  ],
  "bf": [
    0.0
  ],
  "time": 0.19085217600013493
}