{
  "r": [
    1.0,
    0.5,
    0.6,
    0.7,
    0.8,
    0.9,
    1.1,
    1.2,
    1.3,
    1.4,
    1.5
  ],
  "nll": [
    -0.0,
    4.374421,
    2.666489,
    1.434043,
    0.611239,
    0.147025,
    0.136778,
    0.528677,
    1.151691,
    1.985035,
    3.010564
  ],
  "bf": [
    1.0
  ],
  "time": 75.78364694599986
}