{
  "r": [
    1.0,
    0.5,
    0.6,
    0.7,
    0.8,
    0.9,
    1.1,
    1.2,
    1.3,
    1.4,
    1.5
  ],
  "nll": [
    0.525133,
    7.561791,
    5.324017,
    3.557497,
    2.20034,
    1.202758,
    0.134699,
    0.000395,
    0.100549,
    0.416783,
    0.930765
  ],
  "bf": [
    1.205959
  ],
  "time": 107.68106432500008
}