{
  "r": [
    0.5,
    0.6,
    0.7,
    0.8,
    0.9,
    1.0,
    1.1,
    1.2,
    1.3,
    1.4,
    1.5
  ],
  "nll": [
    7.135122,
    4.983223,
    3.290167,
    1.996868,
    1.05642,
    0.430761,
    0.088311,
    0.002575,
    0.150984,
    0.514095,
    1.075072
  ],
  "bf": [
    1.185168
  ],
  "time": 57.769125237000026
}