{
  "r": [
    1.0,
    0.5,
    0.6,
    0.7,
    0.8,
    0.9,
    1.1,
    1.2,
    1.3,
    1.4,
    1.5
  ],
  "nll": [
    0.426961,
    7.27336,
    5.064904,
    3.332964,
    2.013883,
    1.05856,
    0.085448,
    0.003269,
    0.159787,
    0.535675,
    1.113499
  ],
  "bf": [
    1.183275
  ],
  "time": 9.66841422799996
}