{
  "r": [
    1.0,
    0.5,
    0.6,
    0.7,
    0.8,
    0.9,
    1.1,
    1.2,
    1.3,
    1.4,
    1.5
  ],
  "nll": [
    613.125904,
    649.247623,
    634.869951,
    624.671756,
    617.986156,
    614.280244,
    614.176177,
    617.147346,
    621.805205,
    627.954547,
    635.431465
  ],
  "bf": [
    1.0
  ],
  "time": 2.2138477819999025
}