{
  "r": [
    0.5,
    0.6,
    0.7,
    0.8,
    0.9,
    1.0,
    1.1,
    1.2,
    1.3,
    1.4,
    1.5
  ],
  "nll": [
    36.121724,
    21.744051,
    11.545857,
    4.860231,
    1.15434,
    0.0,
    1.050272,
    4.021434,
    8.679267,
    14.82864,
    22.305556
  ],
  "bf": [
    1.0
  ],
  "time": 0.0013408020004135324
}