{
  "r": [
    0.5,
    0.6,
    0.7,
    0.8,
    0.9,
    1.0,
    1.1,
    1.2,
    1.3,
    1.4,
    1.5
  ],
  "nll": [
    36.121724,
    21.744057,
    11.545857,
    4.860235,
    1.154396,
    2.9e-05,
    1.050288,
    4.021443,
    8.679273,
    14.828644,
    22.305559
  ],
  "bf": [
    1.0
  ],
  "time": 0.002362993000019742
}