{
  "r": [
    1.0,
    0.5,
    0.6,
    0.7,
    0.8,
    0.9,
    1.1,
    1.2,
    1.3,
    1.4,
    1.5
  ],
  "nll": [
    -0.0,
    36.121719,
    21.744047,
    11.545852,
    4.860252,
    1.15434,
    1.050273,
    4.021442,
    8.679301,
    14.828643,
    22.305561
  ],
  "bf": [
    1.0
  ],
  "time": 2.228408336999962
}