{
  "r": [
    1.0,
    0.5,
    0.6,
    0.7,
    0.8,
    0.9,
    1.1,
    1.2,
    1.3,
    1.4,
    1.5
  ],
  "nll": [
    614.125904,
    650.247623,
    635.869951,
    625.671756,
    618.986156,
    615.280244,
    615.176177,
    618.147346,
    622.805205,
    628.954547,
    636.431465
  ],
  "bf": [
    1.0
  ],
  "time": 2.2488346040000806
}