{
  "r": [
    0.5,
    0.6,
    0.7,
    0.8,
    0.9,
    1.0,
    1.1,
    1.2,
    1.3,
    1.4,
    1.5
  ],
  "nll": [
    13.816168,
    -0.561505,
    -10.7597,
    -17.445325,
    -21.151216,
    -22.305556,
    -21.255284,
    -18.284123,
    -13.626289,
    -7.476916,
    0.0
  ],
  "bf": [
    1.0
  ],
  "time": 0.0019404009999561822
}