{
  "r": [
    1.0,
    0.5,
    0.52,
    0.54,
    0.56,
    0.58,
    0.6,
    0.62,
    0.64,
    0.66,
    0.68,
    0.7,
    0.72,
    0.74,
    0.76,
    0.78,
    0.8,
    0.82,
    0.84,
    0.86,
    0.88,
    0.9,
    0.92,
    0.94,
    0.96,
    0.98,
    1.02,
    1.04,
    1.06,
    1.08,
    1.1,
    1.12,
    1.14,
    1.16,
    1.18,
    1.2,
    1.22,
    1.24,
    1.26,
    1.28,
    1.3,
    1.32,
    1.34,
    1.36,
    1.38,
    1.4,
    1.42,
    1.44,
    1.46,
    1.48,
    1.5
  ],
  "nll": [
    613.125904,
    649.247623,
    646.00035,
    642.945749,
    640.076864,
    637.38705,
    634.869951,
    632.519493,
    630.32987,
    628.295535,
    626.411186,
    624.671756,
    623.072403,
    621.608496,
    620.275663,
    619.06954,
    617.986156,
    617.021633,
    616.17226,
    615.434483,
    614.804898,
    614.280244,
    613.857394,
    613.533353,
    613.305244,
    613.170311,
    613.169481,
    613.298599,
    613.510911,
    613.804161,
    614.176177,
    614.624872,
    615.148237,
    615.744335,
    616.411304,
    617.147346,
    617.950733,
    618.819795,
    619.75292,
    620.748557,
    621.805205,
    622.921418,
    624.095794,
    625.326986,
    626.613685,
    627.954547,
    629.348501,
    630.794296,
    632.290786,
    633.836866,
    635.431465
  ],
  "bf": [
    1.0
  ],
  "time": 2.3184080580000455
}