{
  "r": [
    1.0,
    0.5,
    0.6,
    0.7,
    0.8,
    0.9,
    1.1,
    1.2,
    1.3,
    1.4,
    1.5
  ],
  "nll": [
    -2.6e-05,
    36.121701,
    21.744025,
    11.545831,
    4.860229,
    1.154315,
    1.050247,
    4.021416,
    8.679274,
    14.828615,
    22.305532
  ],
  "bf": [
    1.0
  ],
  "time": 2.229962451000006
}