{
  "r": [
    1.0,
    0.5,
    0.52,
    0.54,
    0.56,
    0.58,
    0.6,
    0.62,
    0.64,
    0.66,
    0.68,
    0.7,
    0.72,
    0.74,
    0.76,
    0.78,
    0.8,
    0.82,
    0.84,
    0.86,
    0.88,
    0.9,
    0.92,
    0.94,
    0.96,
    0.98,
    1.02,
    1.04,
    1.06,
    1.08,
    1.1,
    1.12,
    1.14,
    1.16,
    1.18,
    1.2,
    1.22,
    1.24,
    1.26,
    1.28,
    1.3,
    1.32,
    1.34,
    1.36,
    1.38,
    1.4,
    1.42,
    1.44,
    1.46,
    1.48,
    1.5
  ],
  "nll": [
    707.562645,
    779.443497,
    774.545799,
    769.859455,
    765.377716,
    761.094071,
    757.002232,
    753.096138,
    749.36995,
    745.818035,
    742.434979,
    739.215563,
    736.154776,
    733.247786,
    730.489952,
    727.876887,
    725.404108,
    723.067601,
    720.863391,
    718.787652,
    716.836708,
    715.007018,
    713.295179,
    711.697913,
    710.212066,
    708.8346,
    706.393222,
    705.32378,
    704.351646,
    703.474302,
    702.689314,
    701.994339,
    701.387114,
    700.865455,
    700.427256,
    700.070482,
    699.793167,
    699.593414,
    699.469386,
    699.419312,
    699.441475,
    699.534135,
    699.695833,
    699.924952,
    700.219986,
    700.579481,
    701.002027,
    701.486258,
    702.030852,
    702.634524,
    703.296032
  ],
  "bf": [
    1.283833
  ],
  "time": 2.2100740830001087
}