{
  "r": [
    1.0,
    0.5,
    0.6,
    0.7,
    0.8,
    0.9,
    1.1,
    1.2,
    1.3,
    1.4,
    1.5
  ],
  "nll": [
    707.562645,
    779.443497,
    757.002232,
    739.215563,
    725.404108,
    715.007018,
    702.689314,
    700.070482,
    699.441475,
    700.579481,
    703.296032
  ],
  "bf": [
    1.283833
  ],
  "time": 2.221255967999923
}