{
  "r": [
    0.5,
    0.6,
    0.7,
    0.8,
    0.9,
    1.0,
    1.1,
    1.2,
    1.3,
    1.4,
    1.5
  ],
  "nll": [
    76.147462,
    53.706201,
    35.919532,
    22.108025,
    11.710984,
    4.266559,
    -0.606719,
    -3.225566,
    -3.854624,
    -2.716551,
    0.0
  ],
  "bf": [
    1.048358
  ],
  "time": 0.011723411000048145
}