{
  "r": [
    0.5,
    0.6,
    0.7,
    0.8,
    0.9,
    1.0,
    1.1,
    1.2,
    1.3,
    1.4,
    1.5
  ],
  "nll": [
    80.025534,
    57.584273,
    39.797604,
    25.986097,
    15.589056,
    8.144631,
    3.271353,
    0.652506,
    0.023448,
    1.161521,
    3.878072
  ],
  "bf": [
    1.2838
  ],
  "time": 0.005864180999992641
}