{
  "r": [
    0.5,
    0.6,
    0.7,
    0.8,
    0.9,
    1.0,
    1.1,
    1.2,
    1.3,
    1.4,
    1.5
  ],
  "nll": [
    34.091274,
    20.047222,
    10.429753,
    4.31081,
    1.006846,
    1.1e-05,
    0.888716,
    3.355383,
    7.144664,
    12.048292,
    17.894284
  ],
  "bf": [
    1.0
  ],
  "time": 0.003024173000085284
}