{
  "r": [
    1.0,
    0.5,
    0.6,
    0.7,
    0.8,
    0.9,
    1.1,
    1.2,
    1.3,
    1.4,
    1.5
  ],
  "nll": [
    0.0,
    28.67531,
    17.621038,
    9.524701,
    4.071579,
    0.979934,
    0.910915,
    3.518213,
    7.650872,
    13.158517,
    19.908833
  ],
  "bf": [
    1.0
  ],
  "time": 2.297805566999955
}