{
  "r": [
    1.0,
    0.5,
    0.6,
    0.7,
    0.8,
    0.9,
    1.1,
    1.2,
    1.3,
    1.4,
    1.5
  ],
  "nll": [
    -1.0,
    27.67531,
    16.621038,
    8.524701,
    3.071579,
    -0.020066,
    -0.089085,
    2.518213,
    6.650872,
    12.158517,
    18.908833
  ],
  "bf": [
    1.0
  ],
  "time": 2.2261119780000627
}