{
  "r": [
    1.0,
    0.5,
    0.52,
    0.54,
    0.56,
    0.58,
    0.6,
    0.62,
    0.64,
    0.66,
    0.68,
    0.7,
    0.72,
    0.74,
    0.76,
    0.78,
    0.8,
    0.82,
    0.84,
    0.86,
    0.88,
    0.9,
    0.92,
    0.94,
    0.96,
    0.98,
    1.02,
    1.04,
    1.06,
    1.08,
    1.1,
    1.12,
    1.14,
    1.16,
    1.18,
    1.2,
    1.22,
    1.24,
    1.26,
    1.28,
    1.3,
    1.32,
    1.34,
    1.36,
    1.38,
    1.4,
    1.42,
    1.44,
    1.46,
    1.48,
    1.5
  ],
  "nll": [
    -1.0,
    27.67531,
    25.211576,
    22.877098,
    20.669033,
    18.584591,
    16.621038,
    14.775696,
    13.045936,
    11.429186,
    9.922929,
    8.524701,
    7.232092,
    6.042746,
    4.954359,
    3.964681,
    3.071579,
    2.272746,
    1.56619,
    0.949861,
    0.421759,
    -0.020066,
    -0.377518,
    -0.65245,
    -0.846673,
    -0.961949,
    -0.962501,
    -0.851087,
    -0.667351,
    -0.412846,
    -0.089085,
    0.302456,
    0.760339,
    1.283165,
    1.869566,
    2.518213,
    3.227808,
    3.997087,
    4.824821,
    5.709805,
    6.650872,
    7.646881,
    8.69672,
    9.799306,
    10.953581,
    12.158517,
    13.41311,
    14.71638,
    16.067373,
    17.46516,
    18.908833
  ],
  "bf": [
    1.0
  ],
  "time": 2.2888217559999475
}