{
  "r": [
    1.0,
    0.5,
    0.52,
    0.54,
    0.56,
    0.58,
    0.6,
    0.62,
    0.64,
    0.66,
    0.68,
    0.7,
    0.72,
    0.74,
    0.76,
    0.78,
    0.8,
    0.82,
    0.84,
    0.86,
    0.88,
    0.9,
    0.92,
    0.94,
    0.96,
    0.98,
    1.02,
    1.04,
    1.06,
    1.08,
    1.1,
    1.12,
    1.14,
    1.16,
    1.18,
    1.2,
    1.22,
    1.24,
    1.26,
    1.28,
    1.3,
    1.32,
    1.34,
    1.36,
    1.38,
    1.4,
    1.42,
    1.44,
    1.46,
    1.48,
    1.5
  ],
  "nll": [
    6.448583,
    65.331712,
    61.552507,
    57.910776,
    54.403829,
    51.029024,
    47.783754,
    44.665456,
    41.671613,
    38.799745,
    36.047414,
    33.412235,
    30.891853,
    28.483968,
    26.186319,
    23.996685,
    21.912896,
    19.932881,
    18.054401,
    16.275511,
    14.594206,
    13.008521,
    11.516533,
    10.116365,
    8.806177,
    7.584169,
    5.397699,
    4.429833,
    3.543342,
    2.736617,
    2.008087,
    1.356215,
    0.779499,
    0.276473,
    -0.154299,
    -0.514216,
    -0.804649,
    -1.026936,
    -1.182384,
    -1.27227,
    -1.297842,
    -1.26032,
    -1.160894,
    -1.000729,
    -0.780961,
    -0.502702,
    -0.167125,
    0.224875,
    0.672184,
    1.17379,
    1.728701
  ],
  "bf": [
    1.298182
  ],
  "time": 2.2519156939999903
}