{
  "r": [
    0.5,
    0.6,
    0.7,
    0.8,
    0.9,
    1.0,
    1.1,
    1.2,
    1.3,
    1.4,
    1.5
  ],
  "nll": [
    76.620996,
    53.202773,
    35.335986,
    21.878615,
    11.989387,
    5.030821,
    0.508453,
    -1.968845,
    -2.715663,
    -1.988691,
    0.0
  ],
  "bf": [
    1.298078
  ],
  "time": 0.018833485999948607
}