{
  "r": [
    0.5,
    0.6,
    0.7,
    0.8,
    0.9,
    1.0,
    1.1,
    1.2,
    1.3,
    1.4,
    1.5
  ],
  "nll": [
    79.336941,
    55.918717,
    38.05193,
    24.594559,
    14.705331,
    7.746765,
    3.224397,
    0.747099,
    0.000281,
    0.727253,
    2.715944
  ],
  "bf": [
    1.298078
  ],
  "time": 0.010893619999933435
}