{
  "r": [
    1.0,
    0.5,
    0.6,
    0.7,
    0.8,
    0.9,
    1.1,
    1.2,
    1.3,
    1.4,
    1.5
  ],
  "nll": [
    7.746761,
    66.62989,
    49.081931,
    34.710412,
    23.211073,
    14.306698,
    3.306264,
    0.783961,
    0.000335,
    0.795476,
    3.026878
  ],
  "bf": [
    1.298182
  ],
  "time": 3.0643080489999193
}