{
  "r": [
    0.5,
    0.6,
    0.7,
    0.8,
    0.9,
    1.0,
    1.1,
    1.2,
    1.3,
    1.4,
    1.5
  ],
  "nll": [
    12.704261,
    7.208698,
    3.617764,
    1.442541,
    0.325156,
    1e-06,
    0.267795,
    0.977755,
    2.015205,
    3.291772,
    4.740493
  ],
  "bf": [
    1.0
  ],
  "time": 0.015281583000160026
}