{
  "r": [
    1.0,
    0.5,
    0.52,
    0.54,
    0.56,
    0.58,
    0.6,
    0.62,
    0.64,
    0.66,
    0.68,
    0.7,
    0.72,
    0.74,
    0.76,
    0.78,
    0.8,
    0.82,
    0.84,
    0.86,
    0.88,
    0.9,
    0.92,
    0.94,
    0.96,
    0.98,
    1.02,
    1.04,
    1.06,
    1.08,
    1.1,
    1.12,
    1.14,
    1.16,
    1.18,
    1.2,
    1.22,
    1.24,
    1.26,
    1.28,
    1.3,
    1.32,
    1.34,
    1.36,
    1.38,
    1.4,
    1.42,
    1.44,
    1.46,
    1.48,
    1.5
  ],
  "nll": [
    -1.0,
    9.668583,
    8.719069,
    7.823549,
    6.980497,
    6.188413,
    5.445825,
    4.751328,
    4.103413,
    3.500766,
    2.942033,
    2.425895,
    1.951067,
    1.516298,
    1.120371,
    0.7621,
    0.440336,
    0.153959,
    -0.098117,
    -0.316899,
    -0.503535,
    -0.658919,
    -0.784479,
    -0.881469,
    -0.949076,
    -0.987727,
    -0.988847,
    -0.957053,
    -0.906197,
    -0.836678,
    -0.748191,
    -0.640766,
    -0.515385,
    -0.372639,
    -0.213006,
    -0.036952,
    0.155068,
    0.362609,
    0.585242,
    0.822546,
    1.074114,
    1.339548,
    1.618468,
    1.910443,
    2.215176,
    2.532286,
    2.861426,
    3.202266,
    3.554427,
    3.917653,
    4.291612
  ],
  "bf": [
    1.0
  ],
  "time": 2.2506863769999654
}