{
  "r": [
    1.0,
    0.5,
    0.6,
    0.7,
    0.8,
    0.9,
    1.1,
    1.2,
    1.3,
    1.4,
    1.5
  ],
  "nll": [
    0.0,
    12.70426,
    7.208696,
    3.617763,
    1.44254,
    0.325158,
    0.267797,
    0.977755,
    2.015046,
    3.291773,
    4.740427
  ],
  "bf": [
    1.0
  ],
  "time": 2.2030244850000145
}