{
  "r": [
    1.0,
    0.5,
    0.6,
    0.7,
    0.8,
    0.9,
    1.1,
    1.2,
    1.3,
    1.4,
    1.5
  ],
  "nll": [
    -1.0,
    9.668583,
    5.445825,
    2.425895,
    0.440336,
    -0.658919,
    -0.748191,
    -0.036952,
    1.074114,
    2.532286,
    4.291612
  ],
  "bf": [
    1.0
  ],
  "time": 2.245628624999995
}