{
  "r": [
    0.5,
    0.6,
    0.7,
    0.8,
    0.9,
    1.0,
    1.1,
    1.2,
    1.3,
    1.4,
    1.5
  ],
  "nll": [
    39.258883,
    23.349463,
    12.284375,
    5.133775,
    1.212249,
    0.0,
    1.093447,
    4.172968,
    8.981116,
    15.307469,
    22.977832
  ],
  "bf": [
    1.0
  ],
  "time": 0.0015282280000974424
}