{
  "r": [
    0.5,
    0.6,
    0.7,
    0.8,
    0.9,
    1.0,
    1.1,
    1.2,
    1.3,
    1.4,
    1.5
  ],
  "nll": [
    16.281052,
    0.371632,
    -10.693457,
    -17.844057,
    -21.765583,
    -22.977832,
    -21.884385,
    -18.804864,
    -13.996716,
    -7.670363,
    0.0
  ],
  "bf": [
    1.0
  ],
  "time": 0.0017405909998160496
}