{
  "r": [
    0.5,
    0.52,
    0.54,
    0.56,
    0.58,
    0.6,
    0.62,
    0.64,
    0.66,
    0.68,
    0.7,
    0.72,
    0.74,
    0.76,
    0.78,
    0.8,
    0.82,
    0.84,
    0.86,
    0.88,
    0.9,
    0.92,
    0.94,
    0.96,
    0.98,
    1.0,
    1.02,
    1.04,
    1.06,
    1.08,
    1.1,
    1.12,
    1.14,
    1.16,
    1.18,
    1.2,
    1.22,
    1.24,
    1.26,
    1.28,
    1.3,
    1.32,
    1.34,
    1.36,
    1.38,
    1.4,
    1.42,
    1.44,
    1.46,
    1.48,
    1.5
  ],
  "nll": [
    30.304262,
    28.130109,
    26.0842,
    24.159743,
    22.349981,
    20.648771,
    19.050246,
    17.54896,
    16.139763,
    14.81782,
    13.578573,
    12.417756,
    11.33143,
    10.315517,
    9.366584,
    8.481233,
    7.656246,
    6.888591,
    6.175398,
    5.513953,
    4.901685,
    4.336159,
    3.815068,
    3.336225,
    2.897556,
    2.497092,
    2.132965,
    1.803403,
    1.50672,
    1.241317,
    1.005672,
    0.79834,
    0.617945,
    0.46318,
    0.3328,
    0.22562,
    0.140512,
    0.076404,
    0.032272,
    0.007142,
    8.7e-05,
    0.01022,
    0.036699,
    0.07872,
    0.135515,
    0.206355,
    0.290541,
    0.387408,
    0.496321,
    0.616673,
    0.747887
  ],
  "bf": [
    1.298049
  ],
  "time": 0.007258932000013374
}