{
  "r": [
    0.5,
    0.6,
    0.7,
    0.8,
    0.9,
    1.0,
    1.1,
    1.2,
    1.3,
    1.4,
    1.5
  ],
  "nll": [
    30.304262,
    20.648746,
    13.578573,
    8.481165,
    4.90165,
    2.497071,
    1.00566,
    0.225612,
    8.3e-05,
    0.206353,
    0.747885
  ],
  "bf": [
    1.298049
  ],
  "time": 0.007414609000079508
}