{
  "r": [
    0.5,
    0.6,
    0.7,
    0.8,
    0.9,
    1.0,
    1.1,
    1.2,
    1.3,
    1.4,
    1.5
  ],
  "nll": [
    88.544388,
    62.120837,
    41.656865,
    26.008561,
    14.332717,
    5.989872,
    0.483532,
    -2.579507,
    -3.51596,
    -2.584692,
    0.0
  ],
  "bf": [
    1.298055
  ],
  "time": 0.007750903999976799
}