{
  "r": [
    1.0,
    0.5,
    0.6,
    0.7,
    0.8,
    0.9,
    1.1,
    1.2,
    1.3,
    1.4,
    1.5
  ],
  "nll": [
    2.497052,
    30.304241,
    20.648727,
    13.578553,
    8.481146,
    4.901632,
    1.005643,
    0.225594,
    6.3e-05,
    0.206334,
    0.747866
  ],
  "bf": [
    1.297118
  ],
  "time": 2.982142393000231
}