{
  "r": [
    0.5,
    0.6,
    0.7,
    0.8,
    0.9,
    1.0,
    1.1,
    1.2,
    1.3,
    1.4,
    1.5
  ],
  "nll": [
    92.060704,
    65.637153,
    45.173181,
    29.524877,
    17.849033,
    9.506188,
    3.999848,
    0.936809,
    0.000356,
    0.931625,
    3.516316
  ],
  "bf": [
    1.298055
  ],
  "time": 0.004223077000006015
}