{
  "r": [
    1.0,
    0.5,
    0.6,
    0.7,
    0.8,
    0.9,
    1.1,
    1.2,
    1.3,
    1.4,
    1.5
  ],
  "nll": [
    -0.0,
    1.457382,
    0.846901,
    0.432649,
    0.174656,
    0.039684,
    0.033178,
    0.122676,
    0.25682,
    0.427107,
    0.627145
  ],
  "bf": [
    1.0
  ],
  "time": 7.782828467999934
}