{
  "r": [
    1.0,
    0.1,
    0.4,
    0.7,
    1.3,
    1.6,
    1.9,
    2.2,
    2.5,
    2.8,
    3.1
  ],
  "nll": [
    0.000568,
    7.176245,
    2.658973,
    0.542584,
    0.346609,
    1.206331,
    2.393529,
    3.781832,
    5.293341,
    6.87894,
    8.507074
  ],
  "bf": [
    1.0
  ],
  "time": 5.369303761999845
}