{
  "r": [
    0.1,
    0.4,
    0.7,
    1.0,
    1.3,
    1.6,
    1.9,
    2.2,
    2.5,
    2.8,
    3.1
  ],
  "nll": [
    7.235567,
    2.706359,
    0.558362,
    0.0,
    0.377734,
    1.269138,
    2.47125,
    3.874436,
    5.397543,
    6.993995,
    8.633856
  ],
  "bf": [
    1.0
  ],
  "time": 0.16614674999982526
}