{
  "r": [
    0.5,
    0.6,
    0.7,
    0.8,
    0.9,
    1.0,
    1.1,
    1.2,
    1.3,
    1.4,
    1.5
  ],
  "nll": [
    1.328415,
    0.79384,
    0.41744,
    0.17366,
    0.04069,
    0.0,
    0.035874,
    0.134999,
    0.286202,
    0.480287,
    0.709854
  ],
  "bf": [
    0.0
  ],
  "time": 0.31874332499955926
}