{
  "r": [
    0.5,
    0.6,
    0.7,
    0.8,
    0.9,
    1.0,
    1.1,
    1.2,
    1.3,
    1.4,
    1.5
  ],
  "nll": [
    8.702987,
    7.339828,
    6.133256,
    5.075648,
    4.156896,
    3.364845,
    2.686816,
    2.110656,
    1.625226,
    1.220522,
    0.887646
  ],
  "bf": [
    2.184785
  ],
  "time": 119.826071125
}