{
  "r": [
    1.0,
    0.5,
    0.6,
    0.7,
    0.8,
    0.9,
    1.1,
    1.2,
    1.3,
    1.4,
    1.5
  ],
  "nll": [
    75.812753,
    85.963284,
    83.539563,
    81.34439,
    79.345764,
    77.511562,
    74.224258,
    72.724837,
    71.296638,
    69.924675,
    68.596374
  ],
  "bf": [
    19.999981
  ],
  "time": 16.623929392000264
}