{
  "r": [
    1.0,
    0.5,
    0.6,
    0.7,
    0.8,
    0.9,
    1.1,
    1.2,
    1.3,
    1.4,
    1.5
  ],
  "nll": [
    75.812786,
    85.963317,
    83.539596,
    81.344423,
    79.345797,
    77.511595,
    74.224291,
    72.72487,
    71.296671,
    69.924708,
    68.596407
  ],
  "bf": [
    19.999985
  ],
  "time": 13.169060336999792
}