{
  "r": [
    1.0,
    0.1,
    0.4,
    0.7,
    1.3,
    1.6,
    1.9,
    2.2,
    2.5,
    2.8,
    3.1
  ],
  "nll": [
    4.16454,
    21.778914,
    13.722222,
    7.921554,
    1.887666,
    0.631454,
    0.080003,
    0.023589,
    0.272843,
    0.734467,
    1.354889
  ],
  "bf": [
    2.08791
  ],
  "time": 6.034359413999937
}