{
  "r": [
    1.0,
    0.5,
    0.6,
    0.7,
    0.8,
    0.9,
    1.1,
    1.2,
    1.3,
    1.4,
    1.5
  ],
  "nll": [
    75.812752,
    85.963283,
    83.539562,
    81.344389,
    79.345763,
    77.511561,
    74.224257,
    72.724836,
    71.296637,
    69.924674,
    68.596373
  ],
  "bf": [
    19.999981
  ],
  "time": 20.73726137599988
}