{
  "r": [
    0.1,
    0.4,
    0.7,
    1.0,
    1.3,
    1.6,
    1.9,
    2.2,
    2.5,
    2.8,
    3.1
  ],
  "nll": [
    20.630625,
    13.254913,
    7.740846,
    4.036895,
    1.776827,
    0.550187,
    0.051618,
    0.046606,
    0.357163,
    0.873814,
    1.543758
  ],
  "bf": [
    2.048113
  ],
  "time": 6.611867035000159
}