{
  "r": [
    0.5,
    0.6,
    0.7,
    0.8,
    0.9,
    1.0,
    1.1,
    1.2,
    1.3,
    1.4,
    1.5
  ],
  "nll": [
    340.912137,
    200.472219,
    104.297526,
    43.107992,
    10.068344,
    0.0,
    8.887048,
    33.553718,
    71.446528,
    120.48281,
    178.94274
  ],
  "bf": [
    1.0
  ],
  "time": 0.0013126070000453183
}