{
  "r": [
    1.0,
    0.5,
    0.6,
    0.7,
    0.8,
    0.9,
    1.1,
    1.2,
    1.3,
    1.4,
    1.5
  ],
  "nll": [
    0.0,
    286.752747,
    176.210388,
    95.247009,
    40.71513,
    9.799335,
    9.109145,
    35.182125,
    76.508514,
    131.584763,
    199.087662
  ],
  "bf": [
    1.0
  ],
  "time": 3.090954183000008
}