{
  "r": [
    1.0,
    0.5,
    0.52,
    0.54,
    0.56,
    0.58,
    0.6,
    0.62,
    0.64,
    0.66,
    0.68,
    0.7,
    0.72,
    0.74,
    0.76,
    0.78,
    0.8,
    0.82,
    0.84,
    0.86,
    0.88,
    0.9,
    0.92,
    0.94,
    0.96,
    0.98,
    1.02,
    1.04,
    1.06,
    1.08,
    1.1,
    1.12,
    1.14,
    1.16,
    1.18,
    1.2,
    1.22,
    1.24,
    1.26,
    1.28,
    1.3,
    1.32,
    1.34,
    1.36,
    1.38,
    1.4,
    1.42,
    1.44,
    1.46,
    1.48,
    1.5
  ],
  "nll": [
    -1.0,
    285.752747,
    261.11554,
    237.770844,
    215.690323,
    194.845917,
    175.210388,
    156.756958,
    139.459366,
    123.291862,
    108.229294,
    94.247009,
    81.320923,
    69.42746,
    58.543591,
    48.646809,
    39.71513,
    31.727077,
    24.66169,
    18.498501,
    13.21759,
    8.799335,
    5.224822,
    2.475498,
    0.533272,
    -0.619495,
    -0.62501,
    0.48913,
    2.32649,
    4.87154,
    8.109145,
    12.024555,
    16.603392,
    21.831644,
    27.695658,
    34.182125,
    41.277988,
    48.970764,
    57.248062,
    66.097878,
    75.508514,
    85.468567,
    95.966919,
    106.992729,
    118.535439,
    130.584763,
    143.130646,
    156.1633,
    169.673187,
    183.651001,
    198.087662
  ],
  "bf": [
    1.0
  ],
  "time": 2.268961791000038
}