{
  "r": [
    0.5,
    0.6,
    0.7,
    0.8,
    0.9,
    1.0,
    1.1,
    1.2,
    1.3,
    1.4,
    1.5
  ],
  "nll": [
    793.369409,
    559.187173,
    380.519382,
    245.945674,
    147.053395,
    77.467736,
    32.244051,
    7.471071,
    0.002889,
    7.272611,
    27.159518
  ],
  "bf": [
    1.298046
  ],
  "time": 0.02362835100001348
}