{
  "r": [
    0.5,
    0.6,
    0.7,
    0.8,
    0.9,
    1.0,
    1.1,
    1.2,
    1.3,
    1.4,
    1.5
  ],
  "nll": [
    766.209963,
    532.027727,
    353.359856,
    218.786147,
    119.893868,
    50.308211,
    5.084527,
    -19.688452,
    -27.156633,
    -19.886909,
    0.0
  ],
  "bf": [
    1.298046
  ],
  "time": 0.030421492999948896
}