{
  "r": [
    1.0,
    0.5,
    0.6,
    0.7,
    0.8,
    0.9,
    1.1,
    1.2,
    1.3,
    1.4,
    1.5
  ],
  "nll": [
    77.467609,
    666.298359,
    490.819324,
    347.104114,
    232.110737,
    143.066982,
    33.062645,
    7.839496,
    0.002972,
    7.953968,
    30.268783
  ],
  "bf": [
    1.298182
  ],
  "time": 2.208754366999983
}