{
  "r": [
    1.0,
    0.5,
    0.6,
    0.7,
    0.8,
    0.9,
    1.1,
    1.2,
    1.3,
    1.4,
    1.5
  ],
  "nll": [
    77.467655,
    666.298405,
    490.81937,
    347.10416,
    232.110783,
    143.067028,
    33.062691,
    7.839542,
    0.003018,
    7.954014,
    30.268829
  ],
  "bf": [
    1.298182
  ],
  "time": 2.291886379999994
}