{
  "r": [
    0.5,
    0.52,
    0.54,
    0.56,
    0.58,
    0.6,
    0.62,
    0.64,
    0.66,
    0.68,
    0.7,
    0.72,
    0.74,
    0.76,
    0.78,
    0.8,
    0.82,
    0.84,
    0.86,
    0.88,
    0.9,
    0.92,
    0.94,
    0.96,
    0.98,
    1.0,
    1.02,
    1.04,
    1.06,
    1.08,
    1.1,
    1.12,
    1.14,
    1.16,
    1.18,
    1.2,
    1.22,
    1.24,
    1.26,
    1.28,
    1.3,
    1.32,
    1.34,
    1.36,
    1.38,
    1.4,
    1.42,
    1.44,
    1.46,
    1.48,
    1.5
  ],
  "nll": [
    68.182547,
    61.745159,
    55.73892,
    50.141801,
    44.933329,
    40.094444,
    35.60735,
    31.45541,
    27.623045,
    24.095649,
    20.859505,
    17.90172,
    15.210156,
    12.773376,
    10.580588,
    8.621598,
    6.886772,
    5.366986,
    4.0536,
    2.93842,
    2.013669,
    1.271957,
    0.706262,
    0.309897,
    0.076499,
    0.0,
    0.074615,
    0.294822,
    0.655347,
    1.15115,
    1.77741,
    2.529513,
    3.403044,
    4.39377,
    5.497634,
    6.710744,
    8.029365,
    9.449911,
    10.968937,
    12.58313,
    14.289306,
    16.084399,
    17.965461,
    19.92965,
    21.97423,
    24.096562,
    26.294103,
    28.5644,
    30.905084,
    33.313869,
    35.788548
  ],
  "bf": [
    1.0
  ],
  "time": 0.0048493150000012974
}