{
  "r": [
    0.5,
    0.52,
    0.54,
    0.56,
    0.58,
    0.6,
    0.62,
    0.64,
    0.66,
    0.68,
    0.7,
    0.72,
    0.74,
    0.76,
    0.78,
    0.8,
    0.82,
    0.84,
    0.86,
    0.88,
    0.9,
    0.92,
    0.94,
    0.96,
    0.98,
    1.0,
    1.02,
    1.04,
    1.06,
    1.08,
    1.1,
    1.12,
    1.14,
    1.16,
    1.18,
    1.2,
    1.22,
    1.24,
    1.26,
    1.28,
    1.3,
    1.32,
    1.34,
    1.36,
    1.38,
    1.4,
    1.42,
    1.44,
    1.46,
    1.48,
    1.5
  ],
  "nll": [
    340.912138,
    308.72568,
    278.6946,
    250.709006,
    224.666647,
    200.472219,
    178.036749,
    157.277049,
    138.115227,
    120.478245,
    104.297526,
    89.5086,
    76.050781,
    63.86688,
    52.902938,
    43.107992,
    34.433858,
    26.83493,
    20.268001,
    14.692102,
    10.068344,
    6.359787,
    3.531308,
    1.549486,
    0.382494,
    0.0,
    0.373076,
    1.474112,
    3.276737,
    5.75575,
    8.887048,
    12.647567,
    17.015221,
    21.96885,
    27.488169,
    33.553718,
    40.146825,
    47.249556,
    54.844685,
    62.91565,
    71.446528,
    80.421996,
    89.827304,
    99.64825,
    109.871149,
    120.48281,
    131.470517,
    142.822,
    154.525419,
    166.569345,
    178.94274
  ],
  "bf": [
    1.0
  ],
  "time": 0.019897335999985444
}