{
  "r": [
    1.0,
    0.5,
    0.52,
    0.54,
    0.56,
    0.58,
    0.6,
    0.62,
    0.64,
    0.66,
    0.68,
    0.7,
    0.72,
    0.74,
    0.76,
    0.78,
    0.8,
    0.82,
    0.84,
    0.86,
    0.88,
    0.9,
    0.92,
    0.94,
    0.96,
    0.98,
    1.02,
    1.04,
    1.06,
    1.08,
    1.1,
    1.12,
    1.14,
    1.16,
    1.18,
    1.2,
    1.22,
    1.24,
    1.26,
    1.28,
    1.3,
    1.32,
    1.34,
    1.36,
    1.38,
    1.4,
    1.42,
    1.44,
    1.46,
    1.48,
    1.5
  ],
  "nll": [
    15.493531,
    133.259789,
    125.701379,
    118.417916,
    111.404023,
    104.654412,
    98.163873,
    91.927277,
    85.939591,
    80.195855,
    74.691193,
    69.420834,
    64.380071,
    59.564301,
    54.969003,
    50.589734,
    46.422156,
    42.462003,
    38.705167,
    35.147387,
    31.784777,
    28.613406,
    25.629432,
    22.829095,
    20.208718,
    17.764703,
    13.391762,
    11.456031,
    9.683049,
    8.069598,
    6.612538,
    5.308794,
    4.155363,
    3.14931,
    2.287767,
    1.567932,
    0.987066,
    0.542493,
    0.231597,
    0.051825,
    0.000681,
    0.075634,
    0.27447,
    0.594785,
    1.034303,
    1.590804,
    2.262114,
    3.046116,
    3.940734,
    4.943944,
    6.053766
  ],
  "bf": [
    1.298182
  ],
  "time": 2.257047467999996
}