{
  "r": [
    0.5,
    0.52,
    0.54,
    0.56,
    0.58,
    0.6,
    0.62,
    0.64,
    0.66,
    0.68,
    0.7,
    0.72,
    0.74,
    0.76,
    0.78,
    0.8,
    0.82,
    0.84,
    0.86,
    0.88,
    0.9,
    0.92,
    0.94,
    0.96,
    0.98,
    1.0,
    1.02,
    1.04,
    1.06,
    1.08,
    1.1,
    1.12,
    1.14,
    1.16,
    1.18,
    1.2,
    1.22,
    1.24,
    1.26,
    1.28,
    1.3,
    1.32,
    1.34,
    1.36,
    1.38,
    1.4,
    1.42,
    1.44,
    1.46,
    1.48,
    1.5
  ],
  "nll": [
    793.369409,
    741.406094,
    692.136817,
    645.42636,
    601.148903,
    559.187172,
    519.431683,
    481.780068,
    446.136473,
    412.411014,
    380.5193,
    350.381986,
    321.924386,
    295.076113,
    269.770757,
    245.945591,
    223.541305,
    202.501763,
    182.77378,
    164.30692,
    147.053313,
    130.967478,
    116.006176,
    102.128256,
    89.294532,
    77.467655,
    66.612003,
    56.693574,
    47.679893,
    39.539921,
    32.243972,
    25.763635,
    20.071704,
    15.142112,
    10.949866,
    7.470993,
    4.68248,
    2.56223,
    1.089013,
    0.242416,
    0.002812,
    0.351311,
    1.269729,
    2.740554,
    4.746912,
    7.272536,
    10.301739,
    13.819388,
    17.810877,
    22.262103,
    27.159444
  ],
  "bf": [
    1.298046
  ],
  "time": 0.026410753999982717
}