{
  "r": [
    0.5,
    0.52,
    0.54,
    0.56,
    0.58,
    0.6,
    0.62,
    0.64,
    0.66,
    0.68,
    0.7,
    0.72,
    0.74,
    0.76,
    0.78,
    0.8,
    0.82,
    0.84,
    0.86,
    0.88,
    0.9,
    0.92,
    0.94,
    0.96,
    0.98,
    1.0,
    1.02,
    1.04,
    1.06,
    1.08,
    1.1,
    1.12,
    1.14,
    1.16,
    1.18,
    1.2,
    1.22,
    1.24,
    1.26,
    1.28,
    1.3,
    1.32,
    1.34,
    1.36,
    1.38,
    1.4,
    1.42,
    1.44,
    1.46,
    1.48,
    1.5
  ],
  "nll": [
    158.67401,
    148.281266,
    138.427363,
    129.085272,
    120.229781,
    111.837434,
    103.886337,
    96.356014,
    89.227295,
    82.482203,
    76.10386,
    70.076397,
    64.384877,
    59.015223,
    53.954151,
    49.189118,
    44.708261,
    40.500353,
    36.554756,
    32.861384,
    29.410663,
    26.193496,
    23.201235,
    20.425651,
    17.858906,
    15.493531,
    13.322401,
    11.338715,
    9.535979,
    7.907984,
    6.448794,
    5.152727,
    4.014341,
    3.028422,
    2.189973,
    1.494199,
    0.936496,
    0.512446,
    0.217803,
    0.048483,
    0.000562,
    0.070262,
    0.253946,
    0.548111,
    0.949382,
    1.454507,
    2.060348,
    2.763878,
    3.562175,
    4.452421,
    5.431889
  ],
  "bf": [
    1.298046
  ],
  "time": 0.006464020000066739
}