{
  "r": [
    1.0,
    0.5,
    0.52,
    0.54,
    0.56,
    0.58,
    0.6,
    0.62,
    0.64,
    0.66,
    0.68,
    0.7,
    0.72,
    0.74,
    0.76,
    0.78,
    0.8,
    0.82,
    0.84,
    0.86,
    0.88,
    0.9,
    0.92,
    0.94,
    0.96,
    0.98,
    1.02,
    1.04,
    1.06,
    1.08,
    1.1,
    1.12,
    1.14,
    1.16,
    1.18,
    1.2,
    1.22,
    1.24,
    1.26,
    1.28,
    1.3,
    1.32,
    1.34,
    1.36,
    1.38,
    1.4,
    1.42,
    1.44,
    1.46,
    1.48,
    1.5
  ],
  "nll": [
    77.467655,
    666.298405,
    628.506535,
    592.089359,
    557.019962,
    523.272038,
    490.81937,
    459.636387,
    429.697941,
    400.979252,
    373.455967,
    347.10416,
    321.900364,
    297.821507,
    274.845005,
    252.948673,
    232.110783,
    212.310017,
    193.525486,
    175.736759,
    158.923802,
    143.067028,
    128.14716,
    114.145477,
    101.043591,
    88.823514,
    66.958809,
    57.280153,
    48.415241,
    40.347992,
    33.062691,
    26.543968,
    20.776814,
    15.746552,
    11.438747,
    7.839542,
    4.935169,
    2.712254,
    1.157719,
    0.258801,
    0.003018,
    0.37817,
    1.372349,
    2.973927,
    5.171513,
    7.954014,
    11.310574,
    15.230579,
    19.703667,
    24.719719,
    30.268829
  ],
  "bf": [
    1.298182
  ],
  "time": 2.776763449999976
}