{
  "r": [
    1.0,
    0.5,
    0.52,
    0.54,
    0.56,
    0.58,
    0.6,
    0.62,
    0.64,
    0.66,
    0.68,
    0.7,
    0.72,
    0.74,
    0.76,
    0.78,
    0.8,
    0.82,
    0.84,
    0.86,
    0.88,
    0.9,
    0.92,
    0.94,
    0.96,
    0.98,
    1.02,
    1.04,
    1.06,
    1.08,
    1.1,
    1.14,
    1.16,
    1.18,
    1.2,
    1.22,
    1.24,
    1.26,
    1.28,
    1.3,
    1.32,
    1.34,
    1.36,
    1.38,
    1.4,
    1.42,
    1.44,
    1.46,
    1.48,
    1.5
  ],
  "nll": [
    -0.0,
    24.573135,
    22.781816,
    21.006966,
    19.258461,
    17.547071,
    15.883856,
    14.27952,
    12.744064,
    11.285882,
    9.911748,
    8.626778,
    7.434046,
    6.335582,
    5.331891,
    4.422476,
    3.606046,
    2.880698,
    2.244097,
    1.693553,
    1.226222,
    0.839085,
    0.527988,
    0.290377,
    0.124524,
    0.029442,
    0.025934,
    0.098804,
    0.215034,
    0.374291,
    0.575074,
    1.09548,
    1.411844,
    1.763228,
    2.148136,
    2.565133,
    3.012816,
    3.489948,
    3.995128,
    4.527273,
    5.085173,
    5.667797,
    6.273938,
    6.902734,
    7.553213,
    8.224338,
    8.915347,
    9.625387,
    10.353576,
    11.099223
  ],
  "bf": [
    1.0
  ],
  "time": 3.327704160000053
}