{
  "r": [
    0.5,
    0.52,
    0.54,
    0.56,
    0.58,
    0.6,
    0.62,
    0.64,
    0.66,
    0.68,
    0.7,
    0.72,
    0.74,
    0.76,
    0.78,
    0.8,
    0.82,
    0.84,
    0.86,
    0.88,
    0.9,
    0.92,
    0.94,
    0.96,
    0.98,
    1.0,
    1.02,
    1.04,
    1.06,
    1.08,
    1.1,
    1.12,
    1.14,
    1.16,
    1.18,
    1.2,
    1.22,
    1.24,
    1.26,
    1.28,
    1.3,
    1.32,
    1.34,
    1.36,
    1.38,
    1.4,
    1.42,
    1.44,
    1.46,
    1.48,
    1.5
  ],
  "nll": [
    36.685074,
    32.817871,
    29.249416,
    25.965627,
    22.951945,
    20.193949,
    17.67736,
    15.388181,
    13.312771,
    11.437927,
    9.75092,
    8.239572,
    6.892215,
    5.697771,
    4.645708,
    3.726071,
    2.929457,
    2.247008,
    1.670397,
    1.191805,
    0.803907,
    0.499846,
    0.273212,
    0.118018,
    0.028683,
    0.0,
    0.027124,
    0.105545,
    0.231067,
    0.399792,
    0.608097,
    0.852619,
    1.130235,
    1.43805,
    1.773377,
    2.133726,
    2.516789,
    2.920428,
    3.342661,
    3.781654,
    4.235711,
    4.703259,
    5.182845,
    5.673311,
    6.172873,
    6.680906,
    7.196163,
    7.717685,
    8.24456,
    8.775954,
    9.311093
  ],
  "bf": [
    1.0
  ],
  "time": 0.010312338000062482
}