{
  "r": [
    0.5,
    0.52,
    0.54,
    0.56,
    0.58,
    0.6,
    0.62,
    0.64,
    0.66,
    0.68,
    0.7,
    0.72,
    0.74,
    0.76,
    0.78,
    0.8,
    0.82,
    0.84,
    0.86,
    0.88,
    0.9,
    0.92,
    0.94,
    0.96,
    0.98,
    1.0,
    1.02,
    1.04,
    1.06,
    1.08,
    1.1,
    1.12,
    1.14,
    1.16,
    1.18,
    1.2,
    1.22,
    1.24,
    1.26,
    1.28,
    1.3,
    1.32,
    1.34,
    1.36,
    1.38,
    1.4,
    1.42,
    1.44,
    1.46,
    1.48,
    1.5
  ],
  "nll": [
    117.235074,
    101.512803,
    88.066409,
    76.79933,
    67.621017,
    60.446454,
    55.068656,
    50.332364,
    45.920863,
    41.813925,
    37.9959,
    34.451092,
    31.164629,
    28.12195,
    25.309065,
    22.712554,
    20.319583,
    18.117902,
    16.095861,
    14.242393,
    12.547004,
    10.999766,
    9.591294,
    8.312733,
    7.155733,
    6.112434,
    5.175435,
    4.337782,
    3.592942,
    2.934779,
    2.357536,
    1.855815,
    1.424552,
    1.059003,
    0.754723,
    0.507548,
    0.31358,
    0.169168,
    0.070895,
    0.015562,
    0.000178,
    0.02194,
    0.078229,
    0.166592,
    0.284735,
    0.430512,
    0.602106,
    0.797246,
    1.014368,
    1.251833,
    1.508109
  ],
  "bf": [
    1.298082
  ],
  "time": 0.017206170999997994
}