{
  "r": [
    1.0,
    0.5,
    0.52,
    0.54,
    0.56,
    0.58,
    0.6,
    0.62,
    0.64,
    0.66,
    0.68,
    0.7,
    0.72,
    0.74,
    0.76,
    0.78,
    0.8,
    0.82,
    0.84,
    0.86,
    0.88,
    0.9,
    0.92,
    0.94,
    0.96,
    0.98,
    1.02,
    1.04,
    1.06,
    1.08,
    1.1,
    1.12,
    1.14,
    1.16,
    1.18,
    1.2,
    1.22,
    1.24,
    1.26,
    1.28,
    1.3,
    1.32,
    1.34,
    1.36,
    1.38,
    1.4,
    1.42,
    1.44,
    1.46,
    1.48,
    1.5
  ],
  "nll": [
    5.673115,
    46.554413,
    44.711353,
    42.838734,
    40.937691,
    39.010151,
    37.059273,
    35.089758,
    33.108145,
    31.122978,
    29.14484,
    27.18568,
    25.258148,
    23.374624,
    21.546352,
    19.782786,
    18.091432,
    16.477836,
    14.945498,
    13.496792,
    12.132436,
    10.852444,
    9.656029,
    8.541815,
    7.507971,
    6.552492,
    4.86745,
    4.133069,
    3.467502,
    2.86829,
    2.332942,
    1.85915,
    1.444495,
    1.086571,
    0.782493,
    0.530782,
    0.33026,
    0.178722,
    0.074093,
    0.015881,
    0.000177,
    0.021073,
    0.073769,
    0.155973,
    0.267411,
    0.407436,
    0.574571,
    0.767958,
    0.986809,
    1.230329,
    1.497679
  ],
  "bf": [
    1.297808
  ],
  "time": 3.5444887649999828
}