{
  "r": [
    0.5,
    0.6,
    0.7,
    0.8,
    0.9,
    1.0,
    1.1,
    1.2,
    1.3,
    1.4,
    1.5
  ],
  "nll": [
    26.637885,
    16.758939,
    9.226049,
    3.998922,
    0.97257,
    0.000106,
    0.916106,
    3.552354,
    7.74758,
    13.352468,
    20.2316
  ],
  "bf": [
    1.0
  ],
  "time": 0.004921466000041619
}