{
  "r": [
    0.5,
    0.6,
    0.7,
    0.8,
    0.9,
    1.0,
    1.1,
    1.2,
    1.3,
    1.4,
    1.5
  ],
  "nll": [
    6.406287,
    -3.472643,
    -11.005717,
    -16.232697,
    -19.259109,
    -20.231582,
    -19.315565,
    -16.679294,
    -12.484047,
    -6.879143,
    0.0
  ],
  "bf": [
    1.0
  ],
  "time": 0.0022852189999866823
}