{
  "r": [
    0.5,
    0.6,
    0.7,
    0.8,
    0.9,
    1.0,
    1.1,
    1.2,
    1.3,
    1.4,
    1.5
  ],
  "nll": [
    26.637868,
    16.758938,
    9.225865,
    3.998884,
    0.972473,
    0.0,
    0.916017,
    3.552288,
    7.747535,
    13.352438,
    20.231582
  ],
  "bf": [
    1.0
  ],
  "time": 0.0012871889999814812
}