{
  "r": [
    1.0,
    0.5,
    0.6,
    0.7,
    0.8,
    0.9,
    1.1,
    1.2,
    1.3,
    1.4,
    1.5
  ],
  "nll": [
    6.448583,
    65.331712,
    47.783754,
    33.412235,
    21.912896,
    13.008521,
    2.008087,
    -0.514216,
    -1.297842,
    -0.502702,
    1.728701
  ],
  "bf": [
    1.298182
  ],
  "time": 2.2436369619999823
}