{
  "r": [
    0.5,
    0.6,
    0.7,
    0.8,
    0.9,
    1.0,
    1.1,
    1.2,
    1.3,
    1.4,
    1.5
  ],
  "nll": [
    59.278824,
    44.904436,
    32.4987,
    22.141526,
    13.850645,
    7.5868,
    3.266959,
    0.779943,
    0.000301,
    0.798639,
    3.048387
  ],
  "bf": [
    1.298006
  ],
  "time": 0.013275633999910497
}