{
  "r": [
    0.5,
    0.6,
    0.7,
    0.8,
    0.9,
    1.0,
    1.1,
    1.2,
    1.3,
    1.4,
    1.5
  ],
  "nll": [
    56.230437,
    41.85605,
    29.450313,
    19.093139,
    10.802259,
    4.538414,
    0.218573,
    -2.268443,
    -3.048085,
    -2.249747,
    0.0
  ],
  "bf": [
    1.298006
  ],
  "time": 0.02200524599993514
}