{
  "r": [
    1.0,
    0.5,
    0.6,
    0.7,
    0.8,
    0.9,
    1.1,
    1.2,
    1.3,
    1.4,
    1.5
  ],
  "nll": [
    -1.0,
    9.66859,
    5.445829,
    2.425895,
    0.440336,
    -0.658925,
    -0.692675,
    0.169458,
    1.506748,
    3.251544,
    5.346242
  ],
  "bf": [
    1.0
  ],
  "time": 2.2214653070000168
}