{
  "r": [
    1.0,
    0.5,
    0.6,
    0.7,
    0.8,
    0.9,
    1.1,
    1.2,
    1.3,
    1.4,
    1.5
  ],
  "nll": [
    -0.0,
    10.66859,
    6.445829,
    3.425896,
    1.440336,
    0.341081,
    0.251809,
    0.963049,
    2.074115,
    3.532288,
    5.291615
  ],
  "bf": [
    1.0
  ],
  "time": 3.155380181000055
}