{
  "r": [
    0.5,
    0.6,
    0.7,
    0.8,
    0.9,
    1.0,
    1.1,
    1.2,
    1.3,
    1.4,
    1.5
  ],
  "nll": [
    10.66859,
    6.445829,
    3.425896,
    1.440336,
    0.333932,
    0.0,
    0.259161,
    0.963755,
    2.074111,
    3.532285,
    5.291612
  ],
  "bf": [
    1.0
  ],
  "time": 0.0021593339997707517
}