{
  "r": [
    0.5,
    0.6,
    0.7,
    0.8,
    0.9,
    1.0,
    1.1,
    1.2,
    1.3,
    1.4,
    1.5
  ],
  "nll": [
    5.376978,
    1.154217,
    -1.865716,
    -3.851276,
    -4.957681,
    -5.291612,
    -5.032451,
    -4.327857,
    -3.217501,
    -1.759327,
    0.0
  ],
  "bf": [
    1.0
  ],
  "time": 0.003359974999966653
}