{
  "r": [
    0.5,
    0.52,
    0.54,
    0.56,
    0.58,
    0.6,
    0.62,
    0.64,
    0.66,
    0.68,
    0.7,
    0.72,
    0.74,
    0.76,
    0.78,
    0.8,
    0.82,
    0.84,
    0.86,
    0.88,
    0.9,
    0.92,
    0.94,
    0.96,
    0.98,
    1.0,
    1.02,
    1.04,
    1.06,
    1.08,
    1.1,
    1.12,
    1.14,
    1.16,
    1.18,
    1.2,
    1.22,
    1.24,
    1.26,
    1.28,
    1.3,
    1.32,
    1.34,
    1.36,
    1.38,
    1.4,
    1.42,
    1.44,
    1.46,
    1.48,
    1.5
  ],
  "nll": [
    22.293184,
    20.972027,
    19.703108,
    18.48541,
    17.317646,
    16.19873,
    15.127486,
    14.10277,
    13.123487,
    12.188627,
    11.296797,
    10.447115,
    9.638513,
    8.869943,
    8.140382,
    7.448829,
    6.794301,
    6.175836,
    5.592495,
    5.043356,
    4.527522,
    4.044115,
    3.592277,
    3.171172,
    2.779986,
    2.417923,
    2.084208,
    1.778086,
    1.498822,
    1.24569,
    1.017594,
    0.813396,
    0.632703,
    0.475488,
    0.341735,
    0.231225,
    0.143441,
    0.077563,
    0.03253,
    0.00712,
    5e-05,
    0.010061,
    0.03599,
    0.076817,
    0.1317,
    0.199979,
    0.28118,
    0.374997,
    0.481266,
    0.599932,
    0.731
  ],
  "bf": [
    1.299541
  ],
  "time": 0.007175730999961161
}