{
  "r": [
    0.5,
    0.6,
    0.7,
    0.8,
    0.9,
    1.0,
    1.1,
    1.2,
    1.3,
    1.4,
    1.5
  ],
  "nll": [
    22.293158,
    16.198763,
    11.296744,
    7.448845,
    4.527559,
    2.417968,
    1.01764,
    0.23127,
    8.2e-05,
    0.20002,
    0.731047
  ],
  "bf": [
    1.298051
  ],
  "time": 0.010559262000015224
}