{
  "r": [
    1.0,
    0.5,
    0.6,
    0.7,
    0.8,
    0.9,
    1.1,
    1.2,
    1.3,
    1.4,
    1.5
  ],
  "nll": [
    2.417908,
    22.293098,
    16.198703,
    11.296684,
    7.448785,
    4.5275,
    1.018008,
    0.237932,
    3.2e-05,
    0.193428,
    0.728683
  ],
  "bf": [
    1.299071
  ],
  "time": 2.2398236279999537
}