{
  "r": [
    0.5,
    0.6,
    0.7,
    0.8,
    0.9,
    1.0,
    1.1,
    1.2,
    1.3,
    1.4,
    1.5
  ],
  "nll": [
    161.969397,
    21.529479,
    -74.645214,
    -135.834748,
    -168.874396,
    -178.94274,
    -170.055692,
    -145.389022,
    -107.496212,
    -58.45993,
    0.0
  ],
  "bf": [
    1.0
  ],
  "time": 0.002810247000070376
}