{
  "r": [
    0.5,
    0.6,
    0.7,
    0.8,
    0.9,
    1.0,
    1.1,
    1.2,
    1.3,
    1.4,
    1.5
  ],
  "nll": [
    340.912138,
    200.47222,
    104.297638,
    43.108105,
    10.068457,
    0.000112,
    8.887159,
    33.553828,
    71.446636,
    120.482917,
    178.942845
  ],
  "bf": [
    1.0
  ],
  "time": 0.02040237200003503
}