{
  "r": [
    0.5,
    0.6,
    0.7,
    0.8,
    0.9,
    1.0,
    1.1,
    1.2,
    1.3,
    1.4,
    1.5
  ],
  "nll": [
    793.369407,
    559.187172,
    380.5193,
    245.945591,
    147.053313,
    77.467655,
    32.243972,
    7.470992,
    0.002812,
    7.272535,
    27.159444
  ],
  "bf": [
    1.298046
  ],
  "time": 0.014619885000001887
}