{
  "r": [
    1.0,
    0.5,
    0.6,
    0.7,
    0.8,
    0.9,
    1.1,
    1.2,
    1.3,
    1.4,
    1.5
  ],
  "nll": [
    76.169473,
    665.000222,
    489.521188,
    345.805978,
    230.8126,
    141.768846,
    31.764508,
    6.54136,
    -1.295165,
    6.655832,
    28.970647
  ],
  "bf": [
    1.298182
  ],
  "time": 2.246044811000047
}