{
  "r": [
    0.5,
    0.6,
    0.7,
    0.8,
    0.9,
    1.0,
    1.1,
    1.2,
    1.3,
    1.4,
    1.5
  ],
  "nll": [
    16.751913,
    10.235038,
    5.402254,
    2.236578,
    0.519899,
    0.0,
    0.451107,
    1.686715,
    3.556965,
    5.942352,
    8.747491
  ],
  "bf": [
    1.0
  ],
  "time": 0.002691637999987506
}