{
  "r": [
    1.0,
    0.5,
    0.6,
    0.7,
    0.8,
    0.9,
    1.1,
    1.2,
    1.3,
    1.4,
    1.5
  ],
  "nll": [
    -1.0,
    15.751972,
    9.235037,
    4.402256,
    1.236588,
    -0.4801,
    -0.548892,
    0.686732,
    2.557039,
    4.942353,
    7.747492
  ],
  "bf": [
    1.0
  ],
  "time": 2.205095869000047
}