{
  "r": [
    0.5,
    0.6,
    0.7,
    0.8,
    0.9,
    1.0,
    1.1,
    1.2,
    1.3,
    1.4,
    1.5
  ],
  "nll": [
    8.004422,
    1.487547,
    -3.345237,
    -6.510913,
    -8.227592,
    -8.747491,
    -8.296384,
    -7.060776,
    -5.190526,
    -2.805139,
    0.0
  ],
  "bf": [
    1.0
  ],
  "time": 0.0035052829998676316
}