{
  "r": [
    0.5,
    0.6,
    0.7,
    0.8,
    0.9,
    1.0,
    1.1,
    1.2,
    1.3,
    1.4,
    1.5
  ],
  "nll": [
    16.752045,
    10.235038,
    5.402254,
    2.236581,
    0.519902,
    4e-06,
    0.451108,
    1.686716,
    3.556966,
    5.942352,
    8.747682
  ],
  "bf": [
    1.0
  ],
  "time": 0.016340868000042974
}