{
  "r": [
    1.0,
    0.5,
    0.6,
    0.7,
    0.8,
    0.9,
    1.1,
    1.2,
    1.3,
    1.4,
    1.5
  ],
  "nll": [
    0.0,
    16.751972,
    10.235037,
    5.402256,
    2.236588,
    0.5199,
    0.451108,
    1.686732,
    3.557039,
    5.942353,
    8.747492
  ],
  "bf": [
    1.0
  ],
  "time": 3.023092246000033
}