{
  "r": [
    1.0,
    0.5,
    0.52,
    0.54,
    0.56,
    0.58,
    0.6,
    0.62,
    0.64,
    0.66,
    0.68,
    0.7,
    0.72,
    0.74,
    0.76,
    0.78,
    0.8,
    0.82,
    0.84,
    0.86,
    0.88,
    0.9,
    0.92,
    0.94,
    0.96,
    0.98,
    1.02,
    1.04,
    1.06,
    1.08,
    1.1,
    1.12,
    1.14,
    1.16,
    1.18,
    1.2,
    1.22,
    1.24,
    1.26,
    1.28,
    1.3,
    1.32,
    1.34,
    1.36,
    1.38,
    1.4,
    1.42,
    1.44,
    1.46,
    1.48,
    1.5
  ],
  "nll": [
    -1.0,
    15.751972,
    14.326637,
    12.958272,
    11.651527,
    10.40963,
    9.235037,
    8.129338,
    7.093347,
    6.127198,
    5.230495,
    4.402256,
    3.641308,
    2.946091,
    2.314848,
    1.74568,
    1.236588,
    0.785518,
    0.390387,
    0.049112,
    -0.240373,
    -0.4801,
    -0.672058,
    -0.818181,
    -0.920347,
    -0.98037,
    -0.98092,
    -0.92475,
    -0.83304,
    -0.707279,
    -0.548892,
    -0.359243,
    -0.139636,
    0.108681,
    0.384517,
    0.686732,
    1.014237,
    1.365992,
    1.741004,
    2.138322,
    2.557039,
    2.996196,
    3.455125,
    3.932961,
    4.428945,
    4.942353,
    5.472492,
    6.018696,
    6.580332,
    7.156792,
    7.747492
  ],
  "bf": [
    1.0
  ],
  "time": 2.2323718290000443
}