{
  "r": [
    0.5,
    0.6,
    0.7,
    0.8,
    0.9,
    1.0,
    1.1,
    1.2,
    1.3,
    1.4,
    1.5
  ],
  "nll": [
    35.190908,
    26.333664,
    18.412151,
    11.990126,
    7.152276,
    3.741597,
    1.543315,
    0.354099,
    0.000132,
    0.338022,
    1.250818
  ],
  "bf": [
    1.297949
  ],
  "time": 0.011409662000005483
}