{
  "r": [
    1.0,
    0.5,
    0.6,
    0.7,
    0.8,
    0.9,
    1.1,
    1.2,
    1.3,
    1.4,
    1.5
  ],
  "nll": [
    2.443599,
    33.892942,
    25.035642,
    17.114223,
    10.692142,
    5.854249,
    0.245296,
    -0.943873,
    -1.297887,
    -0.959997,
    -0.047201
  ],
  "bf": [
    1.298019
  ],
  "time": 2.216389554999978
}