{
  "r": [
    1.0,
    0.5,
    0.52,
    0.54,
    0.56,
    0.58,
    0.6,
    0.62,
    0.64,
    0.66,
    0.68,
    0.7,
    0.72,
    0.74,
    0.76,
    0.78,
    0.8,
    0.82,
    0.84,
    0.86,
    0.88,
    0.9,
    0.92,
    0.94,
    0.96,
    0.98,
    1.02,
    1.04,
    1.06,
    1.08,
    1.1,
    1.12,
    1.14,
    1.16,
    1.18,
    1.2,
    1.22,
    1.24,
    1.26,
    1.28,
    1.3,
    1.32,
    1.34,
    1.36,
    1.38,
    1.4,
    1.42,
    1.44,
    1.46,
    1.48,
    1.5
  ],
  "nll": [
    2.443599,
    33.892942,
    32.088037,
    30.292654,
    28.51383,
    26.759006,
    25.035642,
    23.350921,
    21.7112,
    20.122242,
    18.588682,
    17.114223,
    15.70135,
    14.352001,
    13.067213,
    11.847304,
    10.692142,
    9.60096,
    8.572914,
    7.606758,
    6.70106,
    5.854249,
    5.064659,
    4.330562,
    3.650197,
    3.02179,
    1.913796,
    1.43074,
    0.992723,
    0.598106,
    0.245296,
    -0.06725,
    -0.341026,
    -0.57747,
    -0.777973,
    -0.943873,
    -1.076455,
    -1.177061,
    -1.246711,
    -1.28662,
    -1.297887,
    -1.281564,
    -1.238663,
    -1.170155,
    -1.076968,
    -0.959997,
    -0.820099,
    -0.658097,
    -0.47478,
    -0.270905,
    -0.047201
  ],
  "bf": [
    1.298019
  ],
  "time": 2.2376696649999985
}