{
  "r": [
    1.0,
    0.5,
    0.6,
    0.7,
    0.8,
    0.9,
    1.1,
    1.2,
    1.3,
    1.4,
    1.5
  ],
  "nll": [
    3.741618,
    35.190961,
    26.333661,
    18.412242,
    11.990161,
    7.152267,
    1.543314,
    0.354145,
    0.000131,
    0.338021,
    1.250817
  ],
  "bf": [
    1.298019
  ],
  "time": 2.41089106000004
}