{
  "r": [
    0.5,
    0.6,
    0.7,
    0.8,
    0.9,
    1.0,
    1.1,
    1.2,
    1.3,
    1.4,
    1.5
  ],
  "nll": [
    35.190895,
    26.333661,
    18.41215,
    11.990108,
    7.152268,
    3.741592,
    1.543313,
    0.354096,
    0.000132,
    0.338022,
    1.250818
  ],
  "bf": [
    1.298086
  ],
  "time": 0.021118696000030468
}