{
  "r": [
    0.5,
    0.6,
    0.7,
    0.8,
    0.9,
    1.0,
    1.1,
    1.2,
    1.3,
    1.4,
    1.5
  ],
  "nll": [
    33.940077,
    25.082843,
    17.161333,
    10.73929,
    5.90145,
    2.490774,
    0.292495,
    -0.896721,
    -1.250686,
    -0.912796,
    0.0
  ],
  "bf": [
    1.298086
  ],
  "time": 0.027442837000080544
}