{
  "r": [
    0.5,
    0.6,
    0.7,
    0.8,
    0.9,
    1.0,
    1.1,
    1.2,
    1.3,
    1.4,
    1.5
  ],
  "nll": [
    28.675277,
    17.621039,
    9.524702,
    4.071514,
    0.979932,
    0.0,
    0.910913,
    3.518205,
    7.65085,
    13.158474,
    19.908764
  ],
  "bf": [
    1.0
  ]
}