{
  "r": [
    0.5,
    0.6,
    0.7,
    0.8,
    0.9,
    1.0,
    1.1,
    1.2,
    1.3,
    1.4,
    1.5
  ],
  "nll": [
    66.629538,
    49.08163,
    34.710115,
    23.210777,
    14.306398,
    7.746464,
    3.305966,
    0.783652,
    0.0,
    0.7951,
    3.026582
  ],
  "bf": [
    1.3
  ]
}