{
  "r": [
    0.5,
    0.6,
    0.7,
    0.8,
    0.9,
    1.0,
    1.1,
    1.2,
    1.3,
    1.4,
    1.5
  ],
  "nll": [
    84.822813,
    47.966372,
    24.119595,
    9.682157,
    2.151364,
    0.0001,
    0.688329,
    2.337455,
    4.831615,
    7.940599,
    11.530569
  ],
  "bf": [
    1.0
  ],
  "time": 276.90272701000004
}