{
  "r": [
    1.0,
    0.5,
    0.6,
    0.7,
    0.8,
    0.9,
    1.1,
    1.2,
    1.3,
    1.4,
    1.5
  ],
  "nll": [
    0.0,
    100.156769,
    54.295143,
    26.298393,
    10.21937,
    2.214442,
    0.684086,
    2.247262,
    4.501657,
    7.180477,
    10.168422
  ],
  "bf": [
    1.0
  ],
  "time": 3.391451931000006
}