{
  "r": [
    1.0,
    0.5,
    0.6,
    0.7,
    0.8,
    0.9,
    1.1,
    1.2,
    1.3,
    1.4,
    1.5
  ],
  "nll": [
    0.0,
    100.196259,
    54.332516,
    26.320707,
    10.227467,
    2.213071,
    0.680329,
    2.247333,
    4.501717,
    7.180429,
    10.168496
  ],
  "bf": [
    1.0
  ],
  "time": 3.9778799020000406
}