{
  "r": [
    0.5,
    0.6,
    0.7,
    0.8,
    0.9,
    1.0,
    1.1,
    1.2,
    1.3,
    1.4,
    1.5
  ],
  "nll": [
    91.175639,
    50.278696,
    24.832181,
    9.840034,
    2.164705,
    9.2e-05,
    0.686044,
    2.323975,
    4.793153,
    7.863653,
    11.401915
  ],
  "bf": [
    1.0
  ],
  "time": 47.295062651999956
}