{
  "r": [
    1.0,
    0.5,
    0.6,
    0.7,
    0.8,
    0.9,
    1.1,
    1.2,
    1.3,
    1.4,
    1.5
  ],
  "nll": [
    23445.873063,
    23533.824311,
    23494.983075,
    23470.34698,
    23455.636414,
    23448.077843,
    23446.517192,
    23448.204533,
    23450.691317,
    23453.78565,
    23457.356199
  ],
  "bf": [
    1.0
  ],
  "time": 3.7117993809999916
}