{
  "r": [
    0.5,
    0.6,
    0.7,
    0.8,
    0.9,
    1.0,
    1.1,
    1.2,
    1.3,
    1.4,
    1.5
  ],
  "nll": [
    104.189676,
    56.543115,
    27.588126,
    10.821173,
    2.325456,
    0.00021,
    0.823487,
    2.876563,
    5.894733,
    9.614382,
    13.865287
  ],
  "bf": [
    1.0
  ],
  "time": 55.54820065500007
}