{
  "r": [
    0.5,
    0.6,
    0.7,
    0.8,
    0.9,
    1.0,
    1.1,
    1.2,
    1.3,
    1.4,
    1.5
  ],
  "nll": [
    104.18967,
    56.543119,
    27.58824,
    10.821222,
    2.325456,
    0.000231,
    0.823487,
    2.876563,
    5.894733,
    9.614383,
    13.865287
  ],
  "bf": [
    1.0
  ],
  "time": 30.795283931000085
}