{
  "r": [
    0.5,
    0.6,
    0.7,
    0.8,
    0.9,
    1.0,
    1.1,
    1.2,
    1.3,
    1.4,
    1.5
  ],
  "nll": [
    84.815439,
    47.955955,
    24.108112,
    9.670807,
    2.14664,
    0.000133,
    0.687923,
    2.335798,
    4.827916,
    7.934747,
    11.522195
  ],
  "bf": [
    1.0
  ],
  "time": 222.83704660600006
}