{
  "r": [
    0.5,
    0.6,
    0.7,
    0.8,
    0.9,
    1.0,
    1.1,
    1.2,
    1.3,
    1.4,
    1.5
  ],
  "nll": [
    104.189492,
    56.543016,
    27.588118,
    10.821135,
    2.325351,
    0.0,
    0.823379,
    2.876475,
    5.894706,
    9.614336,
    13.865224
  ],
  "bf": [
    1.0
  ],
  "time": 0.01980790200013871
}