{
  "r": [
    1.0,
    0.5,
    0.6,
    0.7,
    0.8,
    0.9,
    1.1,
    1.2,
    1.3,
    1.4,
    1.5
  ],
  "nll": [
    3.31984,
    146.944672,
    88.218644,
    50.019456,
    25.807036,
    11.201244,
    0.141565,
    0.594458,
    2.238007,
    4.364939,
    6.848178
  ],
  "bf": [
    1.127328
  ],
  "time": 2.598550236000051
}