{
  "r": [
    0.5,
    0.6,
    0.7,
    0.8,
    0.9,
    1.0,
    1.1,
    1.2,
    1.3,
    1.4,
    1.5
  ],
  "nll": [
    105.849727,
    62.404592,
    34.955726,
    17.111267,
    6.442596,
    1.203614,
    0.071528,
    2.181077,
    5.049437,
    8.351858,
    12.09317
  ],
  "bf": [
    1.081301
  ],
  "time": 58.88340112500009
}