{
  "r": [
    0.5,
    0.6,
    0.7,
    0.8,
    0.9,
    1.0,
    1.1,
    1.2,
    1.3,
    1.4,
    1.5
  ],
  "nll": [
    130.585382,
    77.166769,
    44.306233,
    23.114009,
    10.055094,
    2.908241,
    0.083623,
    0.920548,
    3.02202,
    5.59757,
    8.672961
  ],
  "bf": [
    1.119986
  ],
  "time": 17.455852736999987
}