{
  "r": [
    0.5,
    0.6,
    0.7,
    0.8,
    0.9,
    1.0,
    1.1,
    1.2,
    1.3,
    1.4,
    1.5
  ],
  "nll": [
    162.708965,
    97.757469,
    56.327253,
    29.951761,
    13.690993,
    4.579576,
    0.261989,
    1.046171,
    4.384507,
    8.271373,
    12.474732
  ],
  "bf": [
    -0.112407
  ],
  "time": 3.679895399999623
}