{
  "r": [
    1.0,
    0.5,
    0.6,
    0.7,
    0.8,
    0.9,
    1.1,
    1.2,
    1.3,
    1.4,
    1.5
  ],
  "nll": [
    26687.330626,
    26800.088378,
    26754.818526,
    26724.76472,
    26705.358649,
    26693.542219,
    26685.281853,
    26686.669291,
    26689.066307,
    26692.153028,
    26695.609466
  ],
  "bf": [
    1.105788
  ],
  "time": 2.881929095999965
}