{
  "r": [
    0.5,
    0.6,
    0.7,
    0.8,
    0.9,
    1.0,
    1.1,
    1.2,
    1.3,
    1.4,
    1.5
  ],
  "nll": [
    162.708868,
    97.757429,
    56.327142,
    29.951723,
    13.690864,
    4.579479,
    0.261896,
    1.046083,
    4.384466,
    8.271269,
    12.474629
  ],
  "bf": [
    1.130219
  ],
  "time": 80.02666776199999
}