{
  "r": [
    0.5,
    0.6,
    0.7,
    0.8,
    0.9,
    1.0,
    1.1,
    1.2,
    1.3,
    1.4,
    1.5
  ],
  "nll": [
    162.708997,
    97.757432,
    56.327142,
    29.95174,
    13.690864,
    4.579473,
    0.261881,
    1.046238,
    4.384461,
    8.271269,
    12.474629
  ],
  "bf": [
    1.130219
  ],
  "time": 126.93875702700007
}