{
  "r": [
    0.5,
    0.6,
    0.7,
    0.8,
    0.9,
    1.0,
    1.1,
    1.2,
    1.3,
    1.4,
    1.5
  ],
  "nll": [
    105.857188,
    62.396641,
    34.945899,
    17.09602,
    6.432775,
    1.202751,
    0.07014,
    2.171695,
    5.037282,
    8.333242,
    12.06975
  ],
  "bf": [
    1.081498
  ],
  "time": 47.22705390100009
}