{
  "r": [
    1.0,
    0.5,
    0.6,
    0.7,
    0.8,
    0.9,
    1.1,
    1.2,
    1.3,
    1.4,
    1.5
  ],
  "nll": [
    3.362109,
    147.177706,
    88.381053,
    50.142104,
    25.89625,
    11.261004,
    0.140959,
    0.646368,
    2.30754,
    4.405675,
    6.889085
  ],
  "bf": [
    1.126077
  ],
  "time": 2.8513133470000867
}