{
  "r": [
    1.0,
    0.5,
    0.52,
    0.54,
    0.56,
    0.58,
    0.6,
    0.62,
    0.64,
    0.66,
    0.68,
    0.7,
    0.72,
    0.74,
    0.76,
    0.78,
    0.8,
    0.82,
    0.84,
    0.86,
    0.88,
    0.9,
    0.92,
    0.94,
    0.96,
    0.98,
    1.02,
    1.04,
    1.06,
    1.08,
    1.1,
    1.12,
    1.14,
    1.16,
    1.18,
    1.2,
    1.22,
    1.24,
    1.26,
    1.28,
    1.3,
    1.32,
    1.34,
    1.36,
    1.38,
    1.4,
    1.42,
    1.44,
    1.46,
    1.48,
    1.5
  ],
  "nll": [
    0.0,
    13.504192,
    12.34011,
    11.23668,
    10.192786,
    9.207303,
    8.279093,
    7.407012,
    6.58991,
    5.826636,
    5.116041,
    4.456975,
    3.848296,
    3.288864,
    2.77755,
    2.313234,
    1.894805,
    1.521165,
    1.191231,
    0.903931,
    0.65821,
    0.453105,
    0.287381,
    0.160209,
    0.070571,
    0.017527,
    0.017215,
    0.068106,
    0.151889,
    0.267654,
    0.414556,
    0.591674,
    0.798287,
    1.033557,
    1.296703,
    1.586957,
    1.903576,
    2.245832,
    2.613015,
    3.004432,
    3.419409,
    3.857288,
    4.317428,
    4.799204,
    5.302004,
    5.825243,
    6.36834,
    6.930734,
    7.511878,
    8.11124,
    8.728301
  ],
  "bf": [
    1.0
  ],
  "time": 3.3559363669999698
}