{
  "r": [
    1.0,
    0.5,
    0.52,
    0.54,
    0.56,
    0.58,
    0.6,
    0.62,
    0.64,
    0.66,
    0.68,
    0.7,
    0.72,
    0.74,
    0.76,
    0.78,
    0.8,
    0.82,
    0.84,
    0.86,
    0.88,
    0.9,
    0.92,
    0.94,
    0.96,
    0.98,
    1.02,
    1.04,
    1.06,
    1.08,
    1.1,
    1.12,
    1.14,
    1.16,
    1.18,
    1.2,
    1.22,
    1.24,
    1.26,
    1.28,
    1.3,
    1.32,
    1.34,
    1.36,
    1.38,
    1.4,
    1.42,
    1.44,
    1.46,
    1.48,
    1.5
  ],
  "nll": [
    3.077936,
    26.986317,
    25.452929,
    23.973867,
    22.54837,
    21.175661,
    19.854944,
    18.585413,
    17.36625,
    16.196629,
    15.075713,
    14.002664,
    12.976636,
    11.996781,
    11.062252,
    10.1722,
    9.325777,
    8.52214,
    7.760447,
    7.039862,
    6.359554,
    5.718784,
    5.116503,
    4.552097,
    4.024732,
    3.533652,
    2.656991,
    2.269887,
    1.916001,
    1.594557,
    1.304843,
    1.046053,
    0.817595,
    0.618738,
    0.448804,
    0.307124,
    0.193047,
    0.105931,
    0.045146,
    0.010077,
    0.000118,
    0.014679,
    0.053178,
    0.115049,
    0.19973,
    0.306686,
    0.435382,
    0.585297,
    0.755923,
    0.94676,
    1.157323
  ],
  "bf": [
    1.298035
  ],
  "time": 3.3429064189999735
}