{
  "r": [
    0.5,
    0.6,
    0.7,
    0.8,
    0.9,
    1.0,
    1.1,
    1.2,
    1.3,
    1.4,
    1.5
  ],
  "nll": [
    266.378848,
    167.589385,
    92.258649,
    39.988958,
    9.724729,
    0.000172,
    9.160169,
    35.52307,
    77.475351,
    133.52451,
    202.315816
  ],
  "bf": [
    1.0
  ],
  "time": 0.10298079800008964
}