{
  "r": [
    0.5,
    0.6,
    0.7,
    0.8,
    0.9,
    1.0,
    1.1,
    1.2,
    1.3,
    1.4,
    1.5
  ],
  "nll": [
    266.378792,
    167.589384,
    92.258649,
    39.988843,
    9.724729,
    0.0,
    9.160169,
    35.522908,
    77.475351,
    133.524649,
    202.316336
  ],
  "bf": [
    1.0
  ],
  "time": 0.001945630000136589
}