{
  "r": [
    0.5,
    0.6,
    0.7,
    0.8,
    0.9,
    1.0,
    1.1,
    1.2,
    1.3,
    1.4,
    1.5
  ],
  "nll": [
    64.062456,
    -34.726952,
    -110.057687,
    -162.327493,
    -192.591607,
    -202.316336,
    -193.156167,
    -166.793428,
    -124.840985,
    -68.791687,
    0.0
  ],
  "bf": [
    1.0
  ],
  "time": 0.0025570330001301045
}