{
  "r": [
    0.5,
    0.6,
    0.7,
    0.8,
    0.9,
    1.0,
    1.1,
    1.2,
    1.3,
    1.4,
    1.5
  ],
  "nll": [
    562.304376,
    418.560497,
    294.503134,
    190.931393,
    108.022586,
    45.384172,
    2.185727,
    -22.684433,
    -30.480851,
    -22.497471,
    0.0
  ],
  "bf": [
    1.297721
  ],
  "time": 0.03948075699986475
}