{
  "r": [
    0.5,
    0.6,
    0.7,
    0.8,
    0.9,
    1.0,
    1.1,
    1.2,
    1.3,
    1.4,
    1.5
  ],
  "nll": [
    592.788261,
    449.044309,
    324.986946,
    221.415204,
    138.506398,
    75.867992,
    32.669534,
    7.799378,
    0.00296,
    7.98634,
    30.483958
  ],
  "bf": [
    1.298267
  ],
  "time": 0.07653928400009136
}