{
  "r": [
    0.5,
    0.6,
    0.7,
    0.8,
    0.9,
    1.0,
    1.1,
    1.2,
    1.3,
    1.4,
    1.5
  ],
  "nll": [
    592.787226,
    449.043348,
    324.985985,
    221.414244,
    138.505437,
    75.867023,
    32.668577,
    7.798418,
    0.001999,
    7.98538,
    30.482851
  ],
  "bf": [
    1.297721
  ],
  "time": 0.023309739000069385
}