{
  "r": [
    1.0,
    0.6800000071525574,
    0.8400000333786011,
    1.0,
    1.159999966621399,
    1.3199999332427979
  ],
  "nll": [
    6.185270518071561e-14,
    10.922927856445375,
    2.5661900043488166,
    6.185270518071561e-14,
    2.283164024353089,
    8.64688014984137
  ]
}