{
  "r": [
    0.5,
    0.55,
    0.6,
    0.65,
    0.7,
    0.75,
    0.8,
    0.85,
    0.9,
    0.95,
    1.0,
    1.05,
    1.1,
    1.15,
    1.2,
    1.25,
    1.3,
    1.35,
    1.4,
    1.45,
    1.5
  ],
  "nll": [
    34.0912729682209,
    26.445330385212486,
    20.04722186331979,
    14.750107694399794,
    10.42975263398668,
    6.980303605362903,
    4.310799228235584,
    2.3425076811926884,
    1.0068343936892186,
    0.24365899129808355,
    0.0,
    0.2289327264273231,
    0.8887048106199726,
    1.9420076446247743,
    3.3553718155580015,
    5.098662071379134,
    7.1446527753191384,
    9.468668931007954,
    12.04828098967953,
    14.863044051683463,
    17.89427393235941
  ]
}