{
  "r": [
    0.5,
    0.55,
    0.6000000000000001,
    0.6500000000000001,
    0.7000000000000002,
    0.7500000000000002,
    0.8000000000000003,
    0.8500000000000003,
    0.9000000000000004,
    0.9500000000000004,
    1.0000000000000004,
    1.0500000000000005,
    1.1000000000000005,
    1.1500000000000006,
    1.2000000000000006,
    1.2500000000000007,
    1.3000000000000007,
    1.3500000000000008,
    1.4000000000000008,
    1.4500000000000008,
    1.5000000000000009,
    1.0
  ],
  "nll": [
    34.09127296822076,
    26.445330385212344,
    20.04722186331965,
    14.750107694399963,
    10.429752633986178,
    6.980303605363046,
    4.310799228235498,
    2.3425076811922034,
    1.0068343936892425,
    0.24365899129827984,
    0.0,
    0.228932726427292,
    0.8887048106197515,
    1.94200764462538,
    3.3553718155570227,
    5.098662071378845,
    7.144652775319182,
    9.468668931007944,
    12.048280989678975,
    14.863044051682918,
    17.89427393235905,
    6.899519797265441e-06
  ]
}