{
  "r": [
    0.5,
    0.52,
    0.54,
    0.56,
    0.58,
    0.6,
    0.62,
    0.64,
    0.66,
    0.68,
    0.7,
    0.72,
    0.74,
    0.76,
    0.78,
    0.8,
    0.82,
    0.84,
    0.86,
    0.88,
    0.9,
    0.92,
    0.94,
    0.96,
    0.98,
    1.0,
    1.02,
    1.04,
    1.06,
    1.08,
    1.1,
    1.12,
    1.14,
    1.16,
    1.18,
    1.2,
    1.22,
    1.24,
    1.26,
    1.28,
    1.3,
    1.32,
    1.34,
    1.36,
    1.38,
    1.4,
    1.42,
    1.44,
    1.46,
    1.48,
    1.5
  ],
  "nll": [
    34.091274,
    30.872579,
    27.86946,
    25.070901,
    22.466665,
    20.047222,
    17.803675,
    15.727705,
    13.811523,
    12.047825,
    10.429753,
    8.95086,
    7.605078,
    6.386688,
    5.290294,
    4.310799,
    3.443386,
    2.683493,
    2.0268,
    1.46921,
    1.006834,
    0.635979,
    0.353131,
    0.154949,
    0.038249,
    0.0,
    0.037308,
    0.147411,
    0.327674,
    0.575575,
    0.888705,
    1.264757,
    1.701522,
    2.196885,
    2.748817,
    3.355372,
    4.014682,
    4.724956,
    5.484468,
    6.291565,
    7.144653,
    8.0422,
    8.98273,
    9.964825,
    10.987115,
    12.048281,
    13.147052,
    14.2822,
    15.452542,
    16.656935,
    17.894274
  ],
  "bf": [
    1.0
  ],
  "time": 0.0037277700000117875
}