{
  "r": [
    1.0,
    0.5,
    0.55,
    0.6000000000000001,
    0.6500000000000001,
    0.7000000000000002,
    0.7500000000000002,
    0.8000000000000003,
    0.8500000000000003,
    0.9000000000000004,
    0.9500000000000004,
    1.0000000000000004,
    1.0500000000000005,
    1.1000000000000005,
    1.1500000000000006,
    1.2000000000000006,
    1.2500000000000007,
    1.3000000000000007,
    1.3500000000000008,
    1.4000000000000008,
    1.4500000000000008
  ],
  "nll": [
    0.0,
    34.09127366307715,
    26.445331080068602,
    20.047222558175825,
    14.750108389256347,
    10.429753328842082,
    6.9803043002194265,
    4.310799923091116,
    2.342508376048844,
    1.0068350885451496,
    0.24365968615405542,
    6.948560749009403e-07,
    0.22893342128342553,
    0.8887055054758024,
    1.9420083394815295,
    3.355372510413874,
    5.09866276623466,
    7.144653470175454,
    9.468669625864276,
    12.048281684534906,
    14.863044746539245
  ]
}