{
  "r": [
    0.5,
    0.55,
    0.6,
    0.65,
    0.7,
    0.75,
    0.8,
    0.85,
    0.9,
    0.95,
    1.0,
    1.05,
    1.1,
    1.15,
    1.2,
    1.25,
    1.3,
    1.35,
    1.4,
    1.45,
    1.5
  ],
  "nll": [
    28.67527691874352,
    22.75743132152911,
    17.621038595141044,
    13.22359454088837,
    9.524702410114514,
    6.486075608547253,
    4.071513967386181,
    2.246858840935147,
    0.9799318068291996,
    0.24046118443698106,
    0.0,
    0.2318384504453661,
    0.9109133766751256,
    2.0137167666939604,
    3.518204876753998,
    5.4037091867191975,
    7.650850092163637,
    10.241453976033881,
    13.158474091452945,
    16.385915518216734,
    19.908764322702154
  ],
  "bf": 1.0
}