{
  "r": [
    1.0,
    0.5,
    0.7,
    0.9,
    1.1,
    1.3,
    1.5
  ],
  "nll": [
    0.0,
    28.67527691874352,
    9.524702410114514,
    0.9799318068291996,
    0.9109133766751256,
    7.650850092163637,
    19.908764322702154
  ]
}