{
  "r": [
    1.0,
    0.5,
    0.55,
    0.6000000000000001,
    0.6500000000000001,
    0.7000000000000002,
    0.7500000000000002,
    0.8000000000000003,
    0.8500000000000003,
    0.9000000000000004,
    0.9500000000000004,
    1.0000000000000004,
    1.0500000000000005,
    1.1000000000000005,
    1.1500000000000006,
    1.2000000000000006,
    1.2500000000000007,
    1.3000000000000007,
    1.3500000000000008,
    1.4000000000000008,
    1.4500000000000008,
    1.5000000000000009
  ],
  "nll": [
    0.0,
    28.67527691874352,
    22.75743132152911,
    17.621038595141044,
    13.22359454088837,
    9.524702410114514,
    6.486075608547026,
    4.071513967386181,
    2.246858840935147,
    0.9799318068289722,
    0.24046118443698106,
    0.0,
    0.23183845044559348,
    0.910913376675353,
    2.0137167666939604,
    3.518204876753998,
    5.4037091867191975,
    7.650850092163864,
    10.241453976034109,
    13.158474091453172,
    16.385915518217416,
    19.908764322702154
  ]
}