{
  "r": [
    1.0,
    0.5,
    0.52,
    0.54,
    0.56,
    0.58,
    0.6,
    0.62,
    0.64,
    0.66,
    0.68,
    0.7,
    0.72,
    0.74,
    0.76,
    0.78,
    0.8,
    0.82,
    0.84,
    0.86,
    0.88,
    0.9,
    0.92,
    0.94,
    0.96,
    0.98,
    1.02,
    1.04,
    1.06,
    1.08,
    1.1,
    1.12,
    1.14,
    1.16,
    1.18,
    1.2,
    1.22,
    1.24,
    1.26,
    1.28,
    1.3,
    1.32,
    1.34,
    1.36,
    1.38,
    1.4,
    1.42,
    1.44,
    1.46,
    1.48,
    1.5
  ],
  "nll": [
    0.0,
    28.67531,
    26.211576,
    23.877098,
    21.669033,
    19.584591,
    17.621038,
    15.775696,
    14.045936,
    12.429186,
    10.922929,
    9.524701,
    8.232092,
    7.042746,
    5.954359,
    4.964681,
    4.071579,
    3.272746,
    2.56619,
    1.949861,
    1.421759,
    0.979934,
    0.622482,
    0.34755,
    0.153327,
    0.038051,
    0.037499,
    0.148913,
    0.332649,
    0.587154,
    0.910915,
    1.302456,
    1.760339,
    2.283165,
    2.869566,
    3.518213,
    4.227808,
    4.997087,
    5.824821,
    6.709805,
    7.650872,
    8.646881,
    9.69672,
    10.799306,
    11.953581,
    13.158517,
    14.41311,
    15.71638,
    17.067373,
    18.46516,
    19.908833
  ],
  "bf": [
    1.0
  ],
  "time": 2.2474621009999964
}