{
  "r": [
    0.5,
    0.52,
    0.54,
    0.56,
    0.58,
    0.6,
    0.62,
    0.64,
    0.66,
    0.68,
    0.7,
    0.72,
    0.74,
    0.76,
    0.78,
    0.8,
    0.82,
    0.84,
    0.86,
    0.88,
    0.9,
    0.92,
    0.94,
    0.96,
    0.98,
    1.0,
    1.02,
    1.04,
    1.06,
    1.08,
    1.1,
    1.12,
    1.14,
    1.16,
    1.18,
    1.2,
    1.22,
    1.24,
    1.26,
    1.28,
    1.3,
    1.32,
    1.34,
    1.36,
    1.38,
    1.4,
    1.42,
    1.44,
    1.46,
    1.48,
    1.5
  ],
  "nll": [
    28.675277,
    26.211557,
    23.877087,
    21.669027,
    19.584589,
    17.621039,
    15.775697,
    14.045937,
    12.429187,
    10.92293,
    9.524702,
    8.232093,
    7.042747,
    5.95436,
    4.964682,
    4.071514,
    3.272709,
    2.56617,
    1.949851,
    1.421754,
    0.979932,
    0.622482,
    0.34755,
    0.153327,
    0.038051,
    0.0,
    0.037499,
    0.148913,
    0.332649,
    0.587153,
    0.910913,
    1.302454,
    1.760336,
    2.28316,
    2.86956,
    3.518205,
    4.227798,
    4.997075,
    5.824805,
    6.709787,
    7.65085,
    8.646855,
    9.69669,
    10.799271,
    11.953542,
    13.158474,
    14.413062,
    15.716328,
    17.067317,
    18.465098,
    19.908764
  ],
  "bf": [
    1.0
  ]
}