{
  "r": [
    0.68,
    0.84,
    1,
    1.16,
    1.32
  ],
  "nll": [
    12.047833389985819,
    2.683492646892411,
    0.0,
    2.1969544534850787,
    8.042269227462722
  ]
}