{
  "r": [
    1.0,
    0.5,
    0.7,
    0.9,
    1.1,
    1.3,
    1.5
  ],
  "nll": [
    0.0,
    34.09127366307715,
    10.42975277225764,
    1.006835153796307,
    0.8888754662142722,
    7.144824518365761,
    17.89444510228843
  ]
}