{
  "r": [
    1.0,
    0.5,
    0.699999988079071,
    0.8999999761581421,
    1.100000023841858,
    1.2999999523162842,
    1.5
  ],
  "nll": [
    7.746765526068912,
    66.62989464594196,
    34.710417183173405,
    14.30670300318073,
    3.3062690813667635,
    0.00034037424396071714,
    3.0268830378181795
  ]
}