{
  "r": [
    0.5,
    0.55,
    0.6000000000000001,
    0.6500000000000001,
    0.7000000000000002,
    0.7500000000000002,
    0.8000000000000003,
    0.8500000000000003,
    0.9000000000000004,
    0.9500000000000004,
    1.0000000000000004,
    1.0500000000000005,
    1.1000000000000005,
    1.1500000000000006,
    1.2000000000000006,
    1.2500000000000007,
    1.3000000000000007,
    1.3500000000000008,
    1.4000000000000008,
    1.4500000000000008,
    1.5000000000000009,
    1.0
  ],
  "nll": [
    79.33672384428155,
    66.84683218722647,
    55.91843603213795,
    46.37102078085316,
    38.0516488622755,
    30.830051269197217,
    24.59427797275327,
    19.247422941335472,
    14.705050120463515,
    10.893147495250457,
    7.74648436705848,
    5.2072800913094595,
    3.2241159950902105,
    1.7510390433622334,
    0.7468180819397441,
    0.1743225148505294,
    0.0,
    0.19343481089279724,
    0.7269723618494703,
    1.5753983477483509,
    2.7156632348275407,
    7.7465119966305025
  ]
}