{
  "r": [
    1.0,
    0.5,
    0.7,
    0.9,
    1.1,
    1.3,
    1.5
  ],
  "nll": [
    7.746464084656509,
    66.6295383078409,
    34.71011467004928,
    14.306397782173008,
    3.3059663109879693,
    0.0,
    3.0265815235252376
  ]
}