{
  "r": [
    1.0,
    0.5,
    0.550000011920929,
    0.6000000238418579,
    0.6499999761581421,
    0.699999988079071,
    0.75,
    0.800000011920929,
    0.8500000238418579,
    0.8999999761581421,
    0.949999988079071,
    1.0,
    1.0499999523162842,
    1.100000023841858,
    1.149999976158142,
    1.2000000476837158,
    1.25,
    1.2999999523162842,
    1.350000023841858,
    1.399999976158142,
    1.4500000476837158,
    1.5
  ],
  "nll": [
    7.746765526068912,
    66.62989464594196,
    57.43880120111774,
    49.08193627191852,
    41.51876869989704,
    34.710417183173405,
    28.619686516059147,
    23.211078079474674,
    18.450816543830143,
    14.30670300318073,
    10.748319299948918,
    7.746765519144696,
    5.274699362052188,
    3.3062690813667635,
    1.817047508490787,
    0.7839659769661287,
    0.18524781061481033,
    0.00034037424396071714,
    0.20985070062945876,
    0.7954806406624177,
    1.7398628313667635,
    3.0268830378181795
  ]
}