{
  "r": [
    0.5,
    0.55,
    0.6000000000000001,
    0.6500000000000001,
    0.7000000000000002,
    0.7500000000000002,
    0.8000000000000003,
    0.8500000000000003,
    0.9000000000000004,
    0.9500000000000004,
    1.0000000000000004,
    1.0500000000000005,
    1.1000000000000005,
    1.1500000000000006,
    1.2000000000000006,
    1.2500000000000007,
    1.3000000000000007,
    1.3500000000000008,
    1.4000000000000008,
    1.4500000000000008,
    1.5000000000000009,
    1.0
  ],
  "nll": [
    66.6295383078409,
    57.43848363210418,
    49.081629625558435,
    41.51846479304686,
    34.71011467004928,
    28.61938432004399,
    23.21077657706428,
    18.450489679156817,
    14.306397782173008,
    10.7480175964306,
    7.746464084656509,
    5.274397826127824,
    3.3059663109879693,
    1.8167410964233568,
    0.7836524439931054,
    0.18492277179166194,
    0.0,
    0.20949164487728922,
    0.7951003237594705,
    1.7395611704037037,
    3.0265815235252376,
    7.746464084656509
  ]
}