{
  "r": [
    1.0,
    0.5,
    0.55,
    0.6000000000000001,
    0.6500000000000001,
    0.7000000000000002,
    0.7500000000000002,
    0.8000000000000003,
    0.8500000000000003,
    0.9000000000000004,
    0.9500000000000004,
    1.0000000000000004,
    1.0500000000000005,
    1.1000000000000005,
    1.1500000000000006,
    1.2000000000000006,
    1.2500000000000007,
    1.3000000000000007,
    1.3500000000000008,
    1.4000000000000008,
    1.4500000000000008
  ],
  "nll": [
    7.746484501170326,
    79.33666100014732,
    66.84669927439761,
    55.91843604756736,
    46.371020830021045,
    38.05164886248159,
    30.83005126934656,
    24.594277972753638,
    19.247422941334708,
    14.70505012046302,
    10.893147495249952,
    7.746484367058344,
    5.20728009130914,
    3.224115995090168,
    1.7510390433619083,
    0.7468180819399128,
    0.17432251485047878,
    0.0,
    0.19343481089192505,
    0.7269723618493753,
    1.5753983477471012
  ]
}