{
  "r": [
    1.0,
    0.5,
    0.52,
    0.54,
    0.56,
    0.58,
    0.6,
    0.62,
    0.64,
    0.66,
    0.68,
    0.7,
    0.72,
    0.74,
    0.76,
    0.78,
    0.8,
    0.82,
    0.84,
    0.86,
    0.88,
    0.9,
    0.92,
    0.94,
    0.96,
    0.98,
    1.02,
    1.04,
    1.06,
    1.08,
    1.1,
    1.12,
    1.14,
    1.16,
    1.18,
    1.2,
    1.22,
    1.24,
    1.26,
    1.28,
    1.3,
    1.32,
    1.34,
    1.36,
    1.38,
    1.4,
    1.42,
    1.44,
    1.46,
    1.48,
    1.5
  ],
  "nll": [
    7.746766,
    66.629895,
    62.850689,
    59.208958,
    55.702011,
    52.327206,
    49.081936,
    45.963639,
    42.969796,
    40.097927,
    37.345597,
    34.710417,
    32.190035,
    29.782151,
    27.484501,
    25.294867,
    23.211078,
    21.231063,
    19.352583,
    17.573694,
    15.892389,
    14.306703,
    12.814716,
    11.414548,
    10.104359,
    8.882351,
    6.695881,
    5.728015,
    4.841524,
    4.034799,
    3.306269,
    2.654397,
    2.077681,
    1.574655,
    1.143884,
    0.783966,
    0.493533,
    0.271246,
    0.115798,
    0.025913,
    0.00034,
    0.037863,
    0.137288,
    0.297454,
    0.517222,
    0.795481,
    1.131057,
    1.523058,
    1.970367,
    2.471972,
    3.026883
  ],
  "bf": [
    1.298182
  ],
  "time": 2.7283624770000188
}