{
  "r": [
    0.68,
    0.84,
    1,
    1.16,
    1.32
  ],
  "nll": [
    41.20592775491925,
    20.214995242836615,
    7.711584415702305,
    1.4790805347882907,
    0.0
  ]
}