{
  "r": [
    0.5,
    0.52,
    0.54,
    0.56,
    0.58,
    0.6,
    0.62,
    0.64,
    0.66,
    0.68,
    0.7,
    0.72,
    0.74,
    0.76,
    0.78,
    0.8,
    0.82,
    0.84,
    0.86,
    0.88,
    0.9,
    0.92,
    0.94,
    0.96,
    0.98,
    1.0,
    1.02,
    1.04,
    1.06,
    1.08,
    1.1,
    1.12,
    1.14,
    1.16,
    1.18,
    1.2,
    1.22,
    1.24,
    1.26,
    1.28,
    1.3,
    1.32,
    1.34,
    1.36,
    1.38,
    1.4,
    1.42,
    1.44,
    1.46,
    1.48,
    1.5
  ],
  "nll": [
    79.337005,
    74.140633,
    69.213682,
    64.542636,
    60.11489,
    55.918717,
    51.943168,
    48.178007,
    44.613647,
    41.241101,
    38.05193,
    35.038199,
    32.192439,
    29.507611,
    26.977076,
    24.594559,
    22.354131,
    20.250176,
    18.277378,
    16.430692,
    14.705331,
    13.096748,
    11.600618,
    10.212826,
    8.929453,
    7.746766,
    6.6612,
    5.669357,
    4.767989,
    3.953992,
    3.224397,
    2.576363,
    2.00717,
    1.514211,
    1.094987,
    0.747099,
    0.468248,
    0.256223,
    0.108901,
    0.024242,
    0.000281,
    0.035131,
    0.126973,
    0.274055,
    0.474691,
    0.727254,
    1.030174,
    1.381939,
    1.781088,
    2.22621,
    2.715944
  ],
  "bf": [
    1.298046
  ],
  "time": 0.004776777999950355
}