{
  "r": [
    0.5,
    0.55,
    0.6,
    0.65,
    0.7,
    0.75,
    0.8,
    0.85,
    0.9,
    0.95,
    1.0,
    1.05,
    1.1,
    1.15,
    1.2,
    1.25,
    1.3,
    1.35,
    1.4,
    1.45,
    1.5
  ],
  "nll": [
    79.3367234596123,
    66.84683212522347,
    55.918436032054956,
    46.37102078086335,
    38.05164886227458,
    30.830051269196602,
    24.594277972753027,
    19.247422941334367,
    14.705050120462893,
    10.893147495249451,
    7.746484367057661,
    5.2072800913084585,
    3.22411599509043,
    1.751039043361435,
    0.7468180819393435,
    0.1743225148496279,
    0.0,
    0.1934348108918451,
    0.7269723618492776,
    1.5753983477476492,
    2.715663234827053
  ],
  "bf": 1.2980463715095456
}