{
  "r": [
    0.5,
    0.55,
    0.6,
    0.65,
    0.7,
    0.75,
    0.8,
    0.85,
    0.9,
    0.95,
    1.0,
    1.05,
    1.1,
    1.15,
    1.2,
    1.25,
    1.3,
    1.35,
    1.4,
    1.45,
    1.5
  ],
  "nll": [
    66.6295383078409,
    57.43848363210418,
    49.08162962555889,
    41.51846479304686,
    34.71011467004928,
    28.61938432004399,
    23.21077657706428,
    18.450489679156817,
    14.306397782173008,
    10.7480175964306,
    7.746464084656509,
    5.274397826127824,
    3.3059663109879693,
    1.8167410964233568,
    0.7836524439931054,
    0.18492277179166194,
    0.0,
    0.20949164487683447,
    0.7951003237599252,
    1.739561170403249,
    3.0265815235252376
  ]
}