{
  "r": [
    1.0,
    0.5,
    0.7,
    0.9,
    1.1,
    1.3,
    1.5
  ],
  "nll": [
    7.746358211039943,
    79.33653853736598,
    38.05152564724444,
    14.705051483803523,
    3.224117587182752,
    0.0,
    2.715658471544141
  ]
}