{
  "r": [
    1.0,
    0.5,
    0.55,
    0.6,
    0.65,
    0.7,
    0.75,
    0.8,
    0.85,
    0.9,
    0.95,
    1.05,
    1.1,
    1.15,
    1.2,
    1.25,
    1.3,
    1.35,
    1.4,
    1.45,
    1.5
  ],
  "nll": [
    7.746765526068912,
    66.62989464594196,
    57.43880120111774,
    49.08193627191852,
    41.51876869989704,
    34.710417183173405,
    28.619686516059147,
    23.211078079474674,
    18.450816543830143,
    14.30670300318073,
    10.748319299948918,
    5.274699362052188,
    3.3062690813667635,
    1.817047508490787,
    0.7839659769661287,
    0.18524781061481033,
    0.00034037424396071714,
    0.20985070062945876,
    0.7954806406624177,
    1.7398628313667635,
    3.0268830378181795
  ]
}