{
  "r": [
    1.0,
    0.5,
    0.55,
    0.6000000000000001,
    0.6500000000000001,
    0.7000000000000002,
    0.7500000000000002,
    0.8000000000000003,
    0.8500000000000003,
    0.9000000000000004,
    0.9500000000000004,
    1.0000000000000004,
    1.0500000000000005,
    1.1000000000000005,
    1.1500000000000006,
    1.2000000000000006,
    1.2500000000000007,
    1.3000000000000007,
    1.3500000000000008,
    1.4000000000000008,
    1.4500000000000008,
    1.5000000000000009
  ],
  "nll": [
    7.746484502275022,
    79.33666100025833,
    66.84669927439855,
    55.91843604756728,
    46.37102083002114,
    38.05164886248218,
    30.8300512693465,
    24.594277972754632,
    19.24742294133526,
    14.705050120463333,
    10.893147495249872,
    7.7464843670585815,
    5.207280091309363,
    3.2241159950903784,
    1.7510390433619136,
    0.7468180819390451,
    0.17432251485113337,
    0.0,
    0.19343481089238423,
    0.7269723618494561,
    1.575398347747794,
    2.7156632348275593
  ]
}