{
  "r": [
    0.5,
    0.52,
    0.54,
    0.56,
    0.58,
    0.6,
    0.62,
    0.64,
    0.66,
    0.68,
    0.7,
    0.72,
    0.74,
    0.76,
    0.78,
    0.8,
    0.82,
    0.84,
    0.86,
    0.88,
    0.9,
    0.92,
    0.94,
    0.96,
    0.98,
    1.0,
    1.02,
    1.04,
    1.06,
    1.08,
    1.1,
    1.12,
    1.14,
    1.16,
    1.18,
    1.2,
    1.22,
    1.24,
    1.26,
    1.28,
    1.3,
    1.32,
    1.34,
    1.36,
    1.38,
    1.4,
    1.42,
    1.44,
    1.46,
    1.48,
    1.5
  ],
  "nll": [
    66.629538,
    62.850353,
    59.208634,
    55.701696,
    52.326896,
    49.08163,
    45.963335,
    42.969493,
    40.097624,
    37.345295,
    34.710115,
    32.189734,
    29.781849,
    27.484199,
    25.294566,
    23.210777,
    21.2307,
    19.352247,
    17.573375,
    15.892078,
    14.306398,
    12.814413,
    11.414246,
    10.104058,
    8.88205,
    7.746464,
    6.695579,
    5.727714,
    4.841223,
    4.034497,
    3.305966,
    2.654093,
    2.077376,
    1.574348,
    1.143573,
    0.783652,
    0.493215,
    0.270924,
    0.115471,
    0.025579,
    0.0,
    0.037515,
    0.136934,
    0.297091,
    0.51685,
    0.7951,
    1.130756,
    1.522756,
    1.970065,
    2.47167,
    3.026582
  ],
  "bf": [
    1.3
  ]
}