{
  "r": [
    1.0,
    0.5,
    0.7,
    0.9,
    1.1,
    1.3,
    1.5
  ],
  "nll": [
    7.7463588342323035,
    79.33653533308262,
    38.05152459838604,
    14.705051618258265,
    3.2241174987760344,
    0.0,
    2.7156584700390063
  ]
}