{
  "r": [
    0.5,
    0.6,
    0.7,
    0.8,
    0.9,
    1.0,
    1.1,
    1.2,
    1.3,
    1.4,
    1.5
  ],
  "nll": [
    5.376979,
    1.154218,
    -1.865716,
    -3.851275,
    -4.95768,
    -5.291612,
    -5.03245,
    -4.327856,
    -3.217501,
    -1.759327,
    0.0
  ],
  "bf": [
    0.0
  ],
  "time": 0.004760949000001347
}