{
  "r": [
    1.0,
    0.5,
    0.6,
    0.7,
    0.8,
    0.9,
    1.1,
    1.2,
    1.3,
    1.4,
    1.5
  ],
  "nll": [
    -0.0,
    10.668583,
    6.445825,
    3.425895,
    1.440336,
    0.341081,
    0.251809,
    0.963048,
    2.074114,
    3.532286,
    5.291612
  ],
  "bf": [
    1.0
  ],
  "time": 1.8977187410000624
}