{
  "r": [
    1.0,
    0.5,
    0.6,
    0.7,
    0.8,
    0.9,
    1.1,
    1.2,
    1.3,
    1.4,
    1.5
  ],
  "nll": [
    1.118892,
    20.994062,
    14.899672,
    9.997658,
    6.149764,
    3.228482,
    -0.281006,
    -1.06108,
    -1.298978,
    -1.105582,
    -0.570326
  ],
  "bf": [
    1.29907
  ],
  "time": 2.322961489000022
}