{
  "r": [
    1.0,
    0.5,
    0.52,
    0.54,
    0.56,
    0.58,
    0.6,
    0.62,
    0.64,
    0.66,
    0.68,
    0.7,
    0.72,
    0.74,
    0.76,
    0.78,
    0.8,
    0.82,
    0.84,
    0.86,
    0.88,
    0.9,
    0.92,
    0.94,
    0.96,
    0.98,
    1.02,
    1.04,
    1.06,
    1.08,
    1.1,
    1.12,
    1.14,
    1.16,
    1.18,
    1.2,
    1.22,
    1.24,
    1.26,
    1.28,
    1.3,
    1.32,
    1.34,
    1.36,
    1.38,
    1.4,
    1.42,
    1.44,
    1.46,
    1.48,
    1.5
  ],
  "nll": [
    1.118892,
    20.994062,
    19.672887,
    18.404029,
    17.186317,
    16.018584,
    14.899672,
    13.828433,
    12.803729,
    11.824436,
    10.889444,
    9.997658,
    9.148002,
    8.339416,
    7.570859,
    6.841308,
    6.149764,
    5.495242,
    4.876803,
    4.293454,
    3.744315,
    3.228482,
    2.745076,
    2.293241,
    1.87216,
    1.480955,
    0.785179,
    0.479076,
    0.199794,
    -0.053328,
    -0.281006,
    -0.483918,
    -0.662724,
    -0.818067,
    -0.95057,
    -1.06108,
    -1.150655,
    -1.218976,
    -1.265767,
    -1.291852,
    -1.298978,
    -1.289153,
    -1.26418,
    -1.225048,
    -1.172213,
    -1.105582,
    -1.024931,
    -0.930556,
    -0.823113,
    -0.702935,
    -0.570326
  ],
  "bf": [
    1.29907
  ],
  "time": 2.2665995339999654
}