{
  "r": [
    0.5,
    0.6,
    0.7,
    0.8,
    0.9,
    1.0,
    1.1,
    1.2,
    1.3,
    1.4,
    1.5
  ],
  "nll": [
    22.293184,
    16.198715,
    11.296696,
    7.448797,
    4.527516,
    2.41792,
    1.017592,
    0.231221,
    3.4e-05,
    0.199972,
    0.730999
  ],
  "bf": [
    1.299541
  ],
  "time": 0.03208470799995666
}