{
  "r": [
    1.0,
    0.5,
    0.6,
    0.7,
    0.8,
    0.9,
    1.1,
    1.2,
    1.3,
    1.4,
    1.5
  ],
  "nll": [
    2.417902,
    22.293072,
    16.198682,
    11.296668,
    7.448774,
    4.527492,
    1.018004,
    0.23793,
    3.2e-05,
    0.193429,
    0.728684
  ],
  "bf": [
    1.29907
  ],
  "time": 1.9695725139999922
}