{
  "r": [
    0.5,
    0.6,
    0.7,
    0.8,
    0.9,
    1.0,
    1.1,
    1.2,
    1.3,
    1.4,
    1.5
  ],
  "nll": [
    21.562111,
    15.467716,
    10.565697,
    6.717798,
    3.796512,
    1.68692,
    0.286593,
    -0.499778,
    -0.730966,
    -0.531027,
    0.0
  ],
  "bf": [
    -3.3e-05
  ],
  "time": 0.027620346999810863
}