{
  "r": [
    1.0,
    0.5,
    0.6,
    0.7,
    0.8,
    0.9,
    1.1,
    1.2,
    1.3,
    1.4,
    1.5
  ],
  "nll": [
    2.417962,
    22.293132,
    16.198742,
    11.296728,
    7.448834,
    4.527552,
    1.018064,
    0.23799,
    9.2e-05,
    0.193489,
    0.728744
  ],
  "bf": [
    1.29907
  ],
  "time": 2.27135804400001
}