{
  "r": [
    1.0,
    0.5,
    0.52,
    0.54,
    0.56,
    0.58,
    0.6,
    0.62,
    0.64,
    0.66,
    0.68,
    0.7,
    0.72,
    0.74,
    0.76,
    0.78,
    0.8,
    0.82,
    0.84,
    0.86,
    0.88,
    0.9,
    0.92,
    0.94,
    0.96,
    0.98,
    1.02,
    1.04,
    1.06,
    1.08,
    1.1,
    1.12,
    1.14,
    1.16,
    1.18,
    1.2,
    1.22,
    1.24,
    1.26,
    1.28,
    1.3,
    1.32,
    1.34,
    1.36,
    1.38,
    1.4,
    1.42,
    1.44,
    1.46,
    1.48,
    1.5
  ],
  "nll": [
    23445.873063,
    23449.314121,
    23448.877964,
    23448.492025,
    23448.152348,
    23447.847875,
    23447.579449,
    23447.343091,
    23447.13256,
    23446.947211,
    23446.783864,
    23446.640233,
    23446.513784,
    23446.40325,
    23446.30704,
    23446.223648,
    23446.151981,
    23446.149198,
    23446.038704,
    23445.999754,
    23445.963198,
    23445.933454,
    23445.910447,
    23445.893602,
    23445.881886,
    23445.875109,
    23445.874987,
    23445.880524,
    23445.889363,
    23445.901352,
    23445.915794,
    23445.932224,
    23445.951301,
    23445.97224,
    23445.995504,
    23446.025815,
    23446.052843,
    23446.081244,
    23446.110902,
    23446.141712,
    23446.173502,
    23446.206216,
    23446.227582,
    23446.259076,
    23446.292701,
    23446.343393,
    23446.379115,
    23446.415239,
    23446.451734,
    23446.488526,
    23446.505757
  ],
  "bf": [
    1.0
  ],
  "time": 4.044902103999959
}