{
  "r": [
    1.0,
    0.5,
    0.52,
    0.54,
    0.56,
    0.58,
    0.6,
    0.62,
    0.64,
    0.66,
    0.68,
    0.7,
    0.72,
    0.74,
    0.76,
    0.78,
    0.8,
    0.82,
    0.84,
    0.86,
    0.88,
    0.9,
    0.92,
    0.94,
    0.96,
    0.98,
    1.02,
    1.04,
    1.06,
    1.08,
    1.1,
    1.12,
    1.14,
    1.16,
    1.18,
    1.2,
    1.22,
    1.24,
    1.26,
    1.28,
    1.3,
    1.32,
    1.34,
    1.36,
    1.38,
    1.4,
    1.42,
    1.44,
    1.46,
    1.48,
    1.5
  ],
  "nll": [
    23445.873063,
    23533.824311,
    23524.646554,
    23516.226617,
    23508.509248,
    23501.443818,
    23494.983075,
    23489.08357,
    23483.705369,
    23478.811791,
    23474.369245,
    23470.34698,
    23466.716905,
    23463.453431,
    23460.533069,
    23457.933978,
    23455.636414,
    23453.62211,
    23451.874709,
    23450.378778,
    23449.118977,
    23448.077843,
    23447.24726,
    23446.620197,
    23446.171855,
    23445.933635,
    23445.909765,
    23445.996971,
    23446.124291,
    23446.296779,
    23446.517192,
    23446.779073,
    23447.08043,
    23447.41991,
    23447.795664,
    23448.204533,
    23448.644809,
    23449.115058,
    23449.613774,
    23450.139743,
    23450.691317,
    23451.267281,
    23451.866435,
    23452.486454,
    23453.125918,
    23453.78565,
    23454.464616,
    23455.161911,
    23455.876879,
    23456.608525,
    23457.356199
  ],
  "bf": [
    1.0
  ],
  "time": 4.047260117999997
}