{
  "r": [
    1.0,
    0.5,
    0.52,
    0.54,
    0.56,
    0.58,
    0.6,
    0.62,
    0.64,
    0.66,
    0.68,
    0.7,
    0.72,
    0.74,
    0.76,
    0.78,
    0.8,
    0.82,
    0.84,
    0.86,
    0.88,
    0.9,
    0.92,
    0.94,
    0.96,
    0.98,
    1.02,
    1.04,
    1.06,
    1.08,
    1.1,
    1.12,
    1.14,
    1.16,
    1.18,
    1.2,
    1.22,
    1.24,
    1.26,
    1.28,
    1.3,
    1.32,
    1.34,
    1.36,
    1.38,
    1.4,
    1.42,
    1.44,
    1.46,
    1.48,
    1.5
  ],
  "nll": [
    26687.330626,
    26800.088378,
    26789.539824,
    26779.790717,
    26770.787253,
    26762.479125,
    26754.818526,
    26747.761035,
    26741.264803,
    26735.290431,
    26729.8016,
    26724.76472,
    26720.148909,
    26715.925326,
    26712.067977,
    26708.553254,
    26705.358649,
    26702.464195,
    26699.851631,
    26697.503837,
    26695.405389,
    26693.542219,
    26691.900999,
    26690.469881,
    26689.237793,
    26688.194595,
    26686.637749,
    26686.099108,
    26685.689836,
    26685.412491,
    26685.281853,
    26685.322822,
    26685.554126,
    26685.923481,
    26686.305698,
    26686.669291,
    26687.050114,
    26687.472021,
    26687.952981,
    26688.493146,
    26689.066307,
    26689.659551,
    26690.266318,
    26690.883592,
    26691.512147,
    26692.153028,
    26692.810661,
    26693.485999,
    26694.177964,
    26694.886204,
    26695.609466
  ],
  "bf": [
    1.105788
  ],
  "time": 3.689630232000013
}