{
  "r": [
    0.5,
    0.52,
    0.54,
    0.56,
    0.58,
    0.6,
    0.62,
    0.64,
    0.66,
    0.68,
    0.7,
    0.72,
    0.74,
    0.76,
    0.78,
    0.8,
    0.82,
    0.84,
    0.86,
    0.88,
    0.9,
    0.92,
    0.94,
    0.96,
    0.98,
    1.0,
    1.02,
    1.04,
    1.06,
    1.08,
    1.1,
    1.12,
    1.14,
    1.16,
    1.18,
    1.2,
    1.22,
    1.24,
    1.26,
    1.28,
    1.3,
    1.32,
    1.34,
    1.36,
    1.38,
    1.4,
    1.42,
    1.44,
    1.46,
    1.48,
    1.5
  ],
  "nll": [
    12.704261,
    11.423537,
    10.239298,
    9.145503,
    8.136998,
    7.208775,
    6.356142,
    5.574714,
    4.860379,
    4.209281,
    3.617802,
    3.082541,
    2.600303,
    2.168084,
    1.783057,
    1.442561,
    1.144089,
    0.885278,
    0.663901,
    0.477858,
    0.325167,
    0.203956,
    0.112459,
    0.049005,
    0.012018,
    6e-06,
    0.01156,
    0.045344,
    0.100098,
    0.174626,
    0.267798,
    0.378543,
    0.505847,
    0.64875,
    0.806341,
    0.977757,
    1.162181,
    1.358839,
    1.566994,
    1.78595,
    2.015046,
    2.253656,
    2.501183,
    2.757064,
    3.020763,
    3.291773,
    3.56961,
    3.853818,
    4.143961,
    4.439628,
    4.740426
  ],
  "bf": [
    1.0
  ],
  "time": 0.005192261999923176
}