{
  "r": [
    1.0,
    0.5,
    0.52,
    0.54,
    0.56,
    0.58,
    0.6,
    0.62,
    0.64,
    0.66,
    0.68,
    0.7,
    0.72,
    0.74,
    0.76,
    0.78,
    0.8,
    0.82,
    0.84,
    0.86,
    0.88,
    0.9,
    0.92,
    0.94,
    0.96,
    0.98,
    1.02,
    1.04,
    1.06,
    1.08,
    1.1,
    1.12,
    1.14,
    1.16,
    1.18,
    1.2,
    1.22,
    1.24,
    1.26,
    1.28,
    1.3,
    1.32,
    1.34,
    1.36,
    1.38,
    1.4,
    1.42,
    1.44,
    1.46,
    1.48,
    1.5
  ],
  "nll": [
    -0.0,
    10.668583,
    9.719069,
    8.823549,
    7.980497,
    7.188413,
    6.445825,
    5.751328,
    5.103413,
    4.500766,
    3.942033,
    3.425895,
    2.951067,
    2.516298,
    2.120371,
    1.7621,
    1.440336,
    1.153959,
    0.901883,
    0.683101,
    0.496465,
    0.341081,
    0.215521,
    0.118531,
    0.050924,
    0.012273,
    0.011153,
    0.042947,
    0.093803,
    0.163322,
    0.251809,
    0.359234,
    0.484615,
    0.627361,
    0.786994,
    0.963048,
    1.155068,
    1.362609,
    1.585242,
    1.822546,
    2.074114,
    2.339548,
    2.618468,
    2.910443,
    3.215176,
    3.532286,
    3.861426,
    4.202266,
    4.554427,
    4.917653,
    5.291612
  ],
  "bf": [
    1.0
  ],
  "time": 2.588247152000008
}