{
  "r": [
    1.0,
    0.5,
    0.52,
    0.54,
    0.56,
    0.58,
    0.6,
    0.62,
    0.64,
    0.66,
    0.68,
    0.7,
    0.72,
    0.74,
    0.76,
    0.78,
    0.8,
    0.82,
    0.84,
    0.86,
    0.88,
    0.9,
    0.92,
    0.94,
    0.96,
    0.98,
    1.02,
    1.04,
    1.06,
    1.08,
    1.1,
    1.12,
    1.14,
    1.16,
    1.18,
    1.2,
    1.22,
    1.24,
    1.26,
    1.28,
    1.3,
    1.32,
    1.34,
    1.36,
    1.38,
    1.4,
    1.42,
    1.44,
    1.46,
    1.48,
    1.5
  ],
  "nll": [
    2.417962,
    22.293132,
    20.971957,
    19.703099,
    18.485387,
    17.317654,
    16.198742,
    15.127504,
    14.1028,
    13.123506,
    12.188514,
    11.296728,
    10.447072,
    9.638486,
    8.869929,
    8.140379,
    7.448834,
    6.794313,
    6.175873,
    5.592525,
    5.043385,
    4.527552,
    4.044147,
    3.592311,
    3.171231,
    2.780025,
    2.08425,
    1.778146,
    1.498864,
    1.245742,
    1.018064,
    0.815152,
    0.636346,
    0.481003,
    0.3485,
    0.23799,
    0.148415,
    0.080094,
    0.033303,
    0.007219,
    9.2e-05,
    0.009917,
    0.03489,
    0.074022,
    0.126857,
    0.193489,
    0.274139,
    0.368515,
    0.475958,
    0.596135,
    0.728744
  ],
  "bf": [
    1.29907
  ],
  "time": 2.7316402720000497
}