{
  "r": [
    0.5,
    0.6,
    0.7,
    0.8,
    0.9,
    1.0,
    1.1,
    1.2,
    1.3,
    1.4,
    1.5
  ],
  "nll": [
    18.619404,
    10.78567,
    5.483041,
    2.202195,
    0.497947,
    1e-06,
    0.409248,
    1.488482,
    3.051994,
    4.955796,
    7.089175
  ],
  "bf": [
    1.0
  ],
  "time": 0.00578323900003852
}