{
  "r": [
    1.0,
    0.5,
    0.6,
    0.7,
    0.8,
    0.9,
    1.1,
    1.2,
    1.3,
    1.4,
    1.5
  ],
  "nll": [
    0.0,
    18.61931,
    10.785724,
    5.48304,
    2.202227,
    0.497941,
    0.409248,
    1.488483,
    3.051994,
    4.95581,
    7.089173
  ],
  "bf": [
    1.0
  ],
  "time": 2.8728912599999603
}