{
  "r": [
    1.0,
    0.5,
    0.52,
    0.54,
    0.56,
    0.58,
    0.6,
    0.62,
    0.64,
    0.66,
    0.68,
    0.7,
    0.72,
    0.74,
    0.76,
    0.78,
    0.8,
    0.82,
    0.84,
    0.86,
    0.88,
    0.9,
    0.92,
    0.94,
    0.96,
    0.98,
    1.02,
    1.04,
    1.06,
    1.08,
    1.1,
    1.12,
    1.14,
    1.16,
    1.18,
    1.2,
    1.22,
    1.24,
    1.26,
    1.28,
    1.3,
    1.32,
    1.34,
    1.36,
    1.38,
    1.4,
    1.44,
    1.46,
    1.48,
    1.5
  ],
  "nll": [
    -1.0,
    15.751902,
    14.326488,
    12.958263,
    11.651561,
    10.409643,
    9.23504,
    8.129337,
    7.093344,
    6.127195,
    5.230462,
    4.402251,
    3.641305,
    2.946084,
    2.314868,
    1.74586,
    1.236577,
    0.785509,
    0.390386,
    0.048832,
    -0.241779,
    -0.482696,
    -0.675623,
    -0.822035,
    -0.92325,
    -0.981447,
    -0.982704,
    -0.933013,
    -0.853448,
    -0.745437,
    -0.609617,
    -0.446635,
    -0.257798,
    -0.044186,
    0.193494,
    0.454253,
    0.737246,
    1.041293,
    1.365654,
    1.709435,
    2.071858,
    2.452183,
    2.8496,
    3.263539,
    3.693298,
    4.138243,
    5.071311,
    5.558296,
    6.058202,
    6.570516
  ],
  "bf": [
    1.0
  ],
  "time": 2.269086780000066
}