{
  "r": [
    1.0,
    0.5,
    0.6,
    0.7,
    0.8,
    0.9,
    1.1,
    1.2,
    1.3,
    1.4,
    1.5
  ],
  "nll": [
    -0.0,
    16.751902,
    10.23504,
    5.402251,
    2.236577,
    0.517304,
    0.390383,
    1.454253,
    3.071858,
    5.138243,
    7.570516
  ],
  "bf": [
    1.0
  ],
  "time": 2.2737737410000136
}