{
  "r": [
    0.5,
    0.6,
    0.7,
    0.8,
    0.9,
    1.0,
    1.1,
    1.2,
    1.3,
    1.4,
    1.5
  ],
  "nll": [
    43.745189,
    30.406607,
    20.246368,
    12.736376,
    7.384868,
    3.763583,
    1.513117,
    0.338341,
    0.000123,
    0.306429,
    1.103962
  ],
  "bf": [
    1.29788
  ],
  "time": 0.012978077999832749
}