{
  "r": [
    1.0,
    0.5,
    0.6,
    0.7,
    0.8,
    0.9,
    1.1,
    1.2,
    1.3,
    1.4,
    1.5
  ],
  "nll": [
    2.443553,
    33.892882,
    25.035596,
    17.114174,
    10.692112,
    5.854224,
    0.245184,
    -0.947005,
    -1.297902,
    -1.005491,
    -0.222047
  ],
  "bf": [
    1.298032
  ],
  "time": 2.232612571000004
}