{
  "r": [
    1.0,
    0.5,
    0.6,
    0.7,
    0.8,
    0.9,
    1.1,
    1.2,
    1.3,
    1.4,
    1.5
  ],
  "nll": [
    3.763538,
    43.745071,
    30.406561,
    20.246334,
    12.736361,
    7.384824,
    1.513074,
    0.338295,
    7.9e-05,
    0.306385,
    1.10396
  ],
  "bf": [
    1.296994
  ],
  "time": 3.2756533149999996
}