{
  "r": [
    1.0,
    0.5,
    0.52,
    0.54,
    0.56,
    0.58,
    0.6,
    0.62,
    0.64,
    0.66,
    0.68,
    0.7,
    0.72,
    0.74,
    0.76,
    0.78,
    0.8,
    0.82,
    0.84,
    0.86,
    0.88,
    0.9,
    0.92,
    0.94,
    0.96,
    0.98,
    1.02,
    1.04,
    1.06,
    1.08,
    1.1,
    1.12,
    1.14,
    1.16,
    1.18,
    1.2,
    1.22,
    1.24,
    1.26,
    1.28,
    1.3,
    1.32,
    1.34,
    1.36,
    1.38,
    1.4,
    1.42,
    1.44,
    1.46,
    1.48,
    1.5
  ],
  "nll": [
    2.443553,
    33.892882,
    32.087981,
    30.292601,
    28.513777,
    26.758957,
    25.035596,
    23.350875,
    21.711157,
    20.122203,
    18.588645,
    17.114174,
    15.701324,
    14.351967,
    13.06718,
    11.847273,
    10.692112,
    9.600931,
    8.572887,
    7.606732,
    6.701035,
    5.854224,
    5.064635,
    4.33054,
    3.650176,
    3.021769,
    1.913776,
    1.430721,
    0.992705,
    0.598099,
    0.245184,
    -0.068012,
    -0.342765,
    -0.580059,
    -0.781009,
    -0.947005,
    -1.079789,
    -1.18012,
    -1.248766,
    -1.287281,
    -1.297902,
    -1.283096,
    -1.245201,
    -1.18575,
    -1.105711,
    -1.005491,
    -0.885406,
    -0.746205,
    -0.588952,
    -0.414025,
    -0.222047
  ],
  "bf": [
    1.298032
  ],
  "time": 2.2628365400000803
}