{
  "r": [
    0.68,
    0.84,
    1,
    1.16,
    1.32
  ],
  "nll": [
    10.545508480453123,
    2.531691018842878,
    0.0,
    2.301787362929929,
    8.760265862774872
  ]
}