{
  "r": [
    0.68,
    0.84,
    1,
    1.16,
    1.32
  ],
  "nll": [
    37.30777993924312,
    19.314731903047687,
    7.70894865577111,
    1.5368320784587013,
    0.0
  ]
}