{
  "r": [
    0.68,
    0.84,
    1,
    1.16,
    1.32
  ],
  "nll": [
    10.922930474819623,
    2.5661698617998354,
    0.0,
    2.28316025100753,
    8.646855121757199
  ]
}