{
  "r": [
    0.5,
    0.6,
    0.7,
    0.8,
    0.9,
    1.0,
    1.1,
    1.2,
    1.3,
    1.4,
    1.5
  ],
  "nll": [
    4.775893,
    -0.449207,
    -4.271324,
    -6.833495,
    -8.275272,
    -8.7283,
    -8.313781,
    -7.141344,
    -5.308893,
    -2.903058,
    0.0
  ],
  "bf": [
    1.0
  ],
  "time": 0.0034858819999499246
}