{
  "r": [
    0.5,
    0.6,
    0.7,
    0.8,
    0.9,
    1.0,
    1.1,
    1.2,
    1.3,
    1.4,
    1.5
  ],
  "nll": [
    13.504193,
    8.279094,
    4.456976,
    1.894805,
    0.453028,
    0.0,
    0.41452,
    1.586956,
    3.419407,
    5.825242,
    8.7283
  ],
  "bf": [
    1.0
  ],
  "time": 0.002529263999804243
}