{
  "r": [
    0.5,
    0.52,
    0.54,
    0.56,
    0.58,
    0.6,
    0.62,
    0.64,
    0.66,
    0.68,
    0.7,
    0.72,
    0.74,
    0.76,
    0.78,
    0.8,
    0.82,
    0.84,
    0.86,
    0.88,
    0.9,
    0.92,
    0.94,
    0.96,
    0.98,
    1.0,
    1.02,
    1.04,
    1.06,
    1.08,
    1.1,
    1.12,
    1.14,
    1.16,
    1.18,
    1.2,
    1.22,
    1.24,
    1.26,
    1.28,
    1.3,
    1.32,
    1.34,
    1.36,
    1.38,
    1.4,
    1.42,
    1.44,
    1.46,
    1.48,
    1.5
  ],
  "nll": [
    13.504259,
    12.340111,
    11.236681,
    10.192787,
    9.20746,
    8.279095,
    7.407093,
    6.58991,
    5.826692,
    5.116041,
    4.457015,
    3.848296,
    3.288892,
    2.777662,
    2.313306,
    1.894851,
    1.521193,
    1.191246,
    0.903857,
    0.656721,
    0.448806,
    0.280637,
    0.153156,
    0.065726,
    0.015912,
    1e-06,
    0.014737,
    0.056616,
    0.123491,
    0.213601,
    0.32629,
    0.461435,
    0.61954,
    0.800736,
    1.005339,
    1.231889,
    1.479457,
    1.74762,
    2.035684,
    2.343245,
    2.669815,
    3.014919,
    3.37809,
    3.758867,
    4.156801,
    4.571451,
    5.002386,
    5.449182,
    5.911219,
    6.388496,
    6.88041
  ],
  "bf": [
    1.0
  ],
  "time": 0.007370532000095409
}