{
  "r": [
    1.0,
    0.5,
    0.52,
    0.54,
    0.56,
    0.58,
    0.6,
    0.62,
    0.64,
    0.66,
    0.68,
    0.7,
    0.72,
    0.74,
    0.76,
    0.78,
    0.8,
    0.82,
    0.84,
    0.86,
    0.88,
    0.9,
    0.92,
    0.94,
    0.96,
    0.98,
    1.02,
    1.04,
    1.06,
    1.08,
    1.1,
    1.12,
    1.14,
    1.16,
    1.18,
    1.2,
    1.22,
    1.24,
    1.26,
    1.28,
    1.3,
    1.32,
    1.34,
    1.36,
    1.38,
    1.4,
    1.42,
    1.44,
    1.46,
    1.48,
    1.5
  ],
  "nll": [
    -1.0,
    12.504192,
    11.34011,
    10.23668,
    9.192786,
    8.207303,
    7.279093,
    6.407012,
    5.58991,
    4.826636,
    4.116041,
    3.456975,
    2.848296,
    2.288864,
    1.77755,
    1.313234,
    0.894805,
    0.521165,
    0.191231,
    -0.096069,
    -0.34179,
    -0.546895,
    -0.712619,
    -0.839791,
    -0.929429,
    -0.982473,
    -0.982785,
    -0.931894,
    -0.848111,
    -0.732346,
    -0.585444,
    -0.408326,
    -0.201713,
    0.033557,
    0.296703,
    0.586957,
    0.903576,
    1.245832,
    1.613015,
    2.004432,
    2.419409,
    2.857288,
    3.317428,
    3.799204,
    4.302004,
    4.825243,
    5.36834,
    5.930734,
    6.511878,
    7.11124,
    7.728301
  ],
  "bf": [
    1.0
  ],
  "time": 3.175993688999995
}