{
  "r": [
    1.0,
    0.5,
    0.6,
    0.7,
    0.8,
    0.9,
    1.1,
    1.2,
    1.3,
    1.4,
    1.5
  ],
  "nll": [
    0.0,
    13.504192,
    8.279093,
    4.456975,
    1.894805,
    0.453105,
    0.414556,
    1.586957,
    3.419409,
    5.825243,
    8.728301
  ],
  "bf": [
    1.0
  ],
  "time": 3.7076231050000388
}