{
  "r": [
    1.0,
    0.5,
    0.6,
    0.7,
    0.8,
    0.9,
    1.1,
    1.2,
    1.3,
    1.4,
    1.5
  ],
  "nll": [
    -1.0,
    12.504192,
    7.279093,
    3.456975,
    0.894805,
    -0.546895,
    -0.585444,
    0.586957,
    2.419409,
    4.825243,
    7.728301
  ],
  "bf": [
    1.0
  ],
  "time": 3.099942427999963
}