{
  "r": [
    0.5,
    0.6,
    0.7,
    0.8,
    0.9,
    1.0,
    1.1,
    1.2,
    1.3,
    1.4,
    1.5
  ],
  "nll": [
    13.504196,
    8.279095,
    4.456976,
    1.894817,
    0.453029,
    3e-06,
    0.414519,
    1.587002,
    3.419408,
    5.825242,
    8.7283
  ],
  "bf": [
    1.0
  ],
  "time": 0.007699779000063245
}