{
  "r": [
    0.5,
    0.6,
    0.7,
    0.8,
    0.9,
    1.0,
    1.1,
    1.2,
    1.3,
    1.4,
    1.5
  ],
  "nll": [
    26.659905,
    18.69762,
    12.845341,
    8.168454,
    4.561378,
    1.920613,
    0.147479,
    -0.850199,
    -1.157206,
    -0.850637,
    0.0
  ],
  "bf": [
    1.298057
  ],
  "time": 0.02843368900016685
}