{
  "r": [
    0.5,
    0.6,
    0.7,
    0.8,
    0.9,
    1.0,
    1.1,
    1.2,
    1.3,
    1.4,
    1.5
  ],
  "nll": [
    27.817228,
    19.854943,
    14.002664,
    9.325777,
    5.7187,
    3.077936,
    1.304802,
    0.307124,
    0.000117,
    0.306686,
    1.157323
  ],
  "bf": [
    1.298057
  ],
  "time": 0.01879937900002915
}