{
  "r": [
    1.0,
    0.5,
    0.6,
    0.7,
    0.8,
    0.9,
    1.1,
    1.2,
    1.3,
    1.4,
    1.5
  ],
  "nll": [
    3.077936,
    26.986317,
    19.854944,
    14.002664,
    9.325777,
    5.718784,
    1.304843,
    0.307124,
    0.000118,
    0.306686,
    1.157323
  ],
  "bf": [
    1.298035
  ],
  "time": 2.418882950000011
}