{
  "r": [
    0.5,
    0.52,
    0.54,
    0.56,
    0.58,
    0.6,
    0.62,
    0.64,
    0.66,
    0.68,
    0.7,
    0.72,
    0.74,
    0.76,
    0.78,
    0.8,
    0.82,
    0.84,
    0.86,
    0.88,
    0.9,
    0.92,
    0.94,
    0.96,
    0.98,
    1.0,
    1.02,
    1.04,
    1.06,
    1.08,
    1.1,
    1.12,
    1.14,
    1.16,
    1.18,
    1.2,
    1.22,
    1.24,
    1.26,
    1.28,
    1.3,
    1.32,
    1.34,
    1.36,
    1.38,
    1.4,
    1.42,
    1.44,
    1.46,
    1.48,
    1.5
  ],
  "nll": [
    27.817228,
    25.452928,
    23.973867,
    22.54837,
    21.17566,
    19.854943,
    18.585412,
    17.36625,
    16.196628,
    15.075713,
    14.002664,
    12.976635,
    11.996782,
    11.062435,
    10.172202,
    9.325873,
    8.52214,
    7.760516,
    7.039862,
    6.359605,
    5.718701,
    5.11652,
    4.552094,
    4.024759,
    3.533737,
    3.07803,
    2.657019,
    2.269937,
    1.916034,
    1.59457,
    1.304818,
    1.046062,
    0.81729,
    0.616926,
    0.444649,
    0.300865,
    0.1861,
    0.100199,
    0.041711,
    0.009148,
    0.000104,
    0.012673,
    0.044749,
    0.09499,
    0.162152,
    0.245638,
    0.345082,
    0.460507,
    0.592168,
    0.740303,
    0.90472
  ],
  "bf": [
    1.29806
  ],
  "time": 0.009831843000029039
}