{
  "r": [
    0.5,
    0.6,
    0.7,
    0.8,
    0.9,
    1.0,
    1.1,
    1.2,
    1.3,
    1.4,
    1.5
  ],
  "nll": [
    16.19694,
    2.152948,
    -7.464521,
    -13.583475,
    -16.88744,
    -17.894274,
    -17.005569,
    -14.538902,
    -10.749621,
    -5.845993,
    0.0
  ],
  "bf": [
    1.0
  ],
  "time": 0.00259803600010855
}