{
  "r": [
    1.0,
    0.5,
    0.6,
    0.7,
    0.8,
    0.9,
    1.1,
    1.2,
    1.3,
    1.4,
    1.5
  ],
  "nll": [
    7.746766,
    66.629895,
    49.081936,
    34.710417,
    23.211078,
    14.306703,
    3.306269,
    0.783966,
    0.00034,
    0.795481,
    3.026883
  ],
  "bf": [
    1.298182
  ],
  "time": 2.282801257000017
}