{
  "r": [
    0.5,
    0.6,
    0.7,
    0.8,
    0.9,
    1.0,
    1.1,
    1.2,
    1.3,
    1.4,
    1.5
  ],
  "nll": [
    59.278826,
    44.904596,
    32.498695,
    22.14152,
    13.850662,
    7.586876,
    3.267065,
    0.780044,
    0.000383,
    0.798699,
    3.048427
  ],
  "bf": [
    1.298268
  ],
  "time": 0.011997270999927423
}