{
  "r": [
    0.5,
    0.6,
    0.7,
    0.8,
    0.9,
    1.0,
    1.1,
    1.2,
    1.3,
    1.4,
    1.5
  ],
  "nll": [
    13.50426,
    8.279095,
    4.456976,
    1.894817,
    0.448614,
    0.0,
    0.326285,
    1.231889,
    2.669876,
    4.571279,
    6.880409
  ],
  "bf": [
    1.0
  ],
  "time": 0.008145484000010583
}