{
  "r": [
    0.5,
    0.6,
    0.7,
    0.8,
    0.9,
    1.0,
    1.1,
    1.2,
    1.3,
    1.4,
    1.5
  ],
  "nll": [
    6.623785,
    1.398685,
    -2.423433,
    -4.985603,
    -6.431795,
    -6.880409,
    -6.554123,
    -5.648519,
    -4.210721,
    -2.30913,
    0.0
  ],
  "bf": [
    0.0
  ],
  "time": 0.004232420999869646
}