{
  "r": [
    1.0,
    0.5,
    0.6,
    0.7,
    0.8,
    0.9,
    1.1,
    1.2,
    1.3,
    1.4,
    1.5
  ],
  "nll": [
    -1.0,
    12.504183,
    7.279087,
    3.456974,
    0.894822,
    -0.546972,
    -0.680315,
    0.231929,
    1.669686,
    3.571277,
    5.880472
  ],
  "bf": [
    1.0
  ],
  "time": 2.244561159
}