{
  "r": [
    1.0,
    0.5,
    0.6,
    0.7,
    0.8,
    0.9,
    1.1,
    1.2,
    1.3,
    1.4,
    1.5
  ],
  "nll": [
    -0.0,
    13.504183,
    8.279087,
    4.456974,
    1.894822,
    0.453028,
    0.319685,
    1.231929,
    2.669686,
    4.571277,
    6.880472
  ],
  "bf": [
    1.0
  ],
  "time": 1.902097538000021
}