{
  "r": [
    1.0,
    0.5,
    0.52,
    0.54,
    0.56,
    0.58,
    0.6,
    0.62,
    0.64,
    0.66,
    0.68,
    0.7,
    0.72,
    0.74,
    0.76,
    0.78,
    0.8,
    0.82,
    0.84,
    0.86,
    0.88,
    0.9,
    0.92,
    0.94,
    0.96,
    0.98,
    1.02,
    1.04,
    1.06,
    1.08,
    1.1,
    1.12,
    1.14,
    1.16,
    1.18,
    1.2,
    1.22,
    1.24,
    1.26,
    1.28,
    1.3,
    1.32,
    1.34,
    1.36,
    1.38,
    1.4,
    1.42,
    1.44,
    1.46,
    1.48,
    1.5
  ],
  "nll": [
    1.780321,
    25.688675,
    24.155289,
    22.676227,
    21.250734,
    19.878025,
    18.55731,
    17.28778,
    16.068619,
    14.898998,
    13.778084,
    12.705036,
    11.679008,
    10.699156,
    9.764627,
    8.874576,
    8.028154,
    7.224518,
    6.462826,
    5.742242,
    5.061935,
    4.421165,
    3.818886,
    3.25448,
    2.727116,
    2.236036,
    1.359377,
    0.972273,
    0.618387,
    0.296944,
    0.00723,
    -0.251559,
    -0.480016,
    -0.678873,
    -0.848807,
    -0.990486,
    -1.104713,
    -1.192983,
    -1.254357,
    -1.28834,
    -1.297418,
    -1.285368,
    -1.254776,
    -1.207008,
    -1.141975,
    -1.059028,
    -0.958581,
    -0.841393,
    -0.707827,
    -0.55814,
    -0.392928
  ],
  "bf": [
    1.297608
  ],
  "time": 2.2611435520000214
}