{
  "r": [
    1.0,
    0.5,
    0.6,
    0.7,
    0.8,
    0.9,
    1.1,
    1.2,
    1.3,
    1.4,
    1.5
  ],
  "nll": [
    3.077929,
    26.986283,
    19.854918,
    14.002644,
    9.325762,
    5.718773,
    1.304838,
    0.307122,
    0.00019,
    0.238581,
    0.90468
  ],
  "bf": [
    1.297608
  ],
  "time": 2.374884624999993
}