{
  "r": [
    1.0,
    0.5,
    0.6,
    0.7,
    0.8,
    0.9,
    1.1,
    1.2,
    1.3,
    1.4,
    1.5
  ],
  "nll": [
    3.077924,
    26.986278,
    19.854913,
    14.002639,
    9.325757,
    5.718768,
    1.304833,
    0.307117,
    0.000185,
    0.238576,
    0.904675
  ],
  "bf": [
    1.297608
  ],
  "time": 2.4937296319999405
}