{
  "r": [
    0.5,
    0.6,
    0.7,
    0.8,
    0.9,
    1.0,
    1.1,
    1.2,
    1.3,
    1.4,
    1.5
  ],
  "nll": [
    26.91251,
    18.950223,
    13.097943,
    8.421057,
    4.81398,
    2.173216,
    0.400082,
    -0.603903,
    -0.904617,
    -0.659091,
    0.0
  ],
  "bf": [
    0.00018
  ],
  "time": 0.04625552300012714
}