{
  "r": [
    0.5,
    0.6,
    0.7,
    0.8,
    0.9,
    1.0,
    1.1,
    1.2,
    1.3,
    1.4,
    1.5
  ],
  "nll": [
    36.685074,
    20.193948,
    9.75092,
    3.72607,
    0.803907,
    0.0,
    0.608097,
    2.133726,
    4.235711,
    6.680882,
    9.311093
  ],
  "bf": [
    1.0
  ],
  "time": 0.0024204370001825737
}