{
  "r": [
    0.5,
    0.6,
    0.7,
    0.8,
    0.9,
    1.0,
    1.1,
    1.2,
    1.3,
    1.4,
    1.5
  ],
  "nll": [
    27.373981,
    10.882855,
    0.439827,
    -5.585023,
    -8.507186,
    -9.311093,
    -8.702996,
    -7.177367,
    -5.075382,
    -2.630211,
    0.0
  ],
  "bf": [
    0.0
  ],
  "time": 0.0032191669999974692
}