{
  "r": [
    1.0,
    0.5,
    0.6,
    0.7,
    0.8,
    0.9,
    1.1,
    1.2,
    1.3,
    1.4,
    1.5
  ],
  "nll": [
    -0.0,
    36.68507,
    20.193945,
    9.750918,
    3.726069,
    0.803907,
    0.608099,
    2.133726,
    4.235712,
    6.680882,
    9.311186
  ],
  "bf": [
    1.0
  ],
  "time": 2.8877980209999805
}