{
  "r": [
    1.0,
    0.5,
    0.6,
    0.7,
    0.8,
    0.9,
    1.1,
    1.2,
    1.3,
    1.4,
    1.5
  ],
  "nll": [
    4.375307,
    45.256605,
    35.761464,
    25.887872,
    16.793623,
    9.554636,
    1.035133,
    -0.767026,
    -1.297631,
    -0.890372,
    0.19987
  ],
  "bf": [
    1.297808
  ],
  "time": 2.2597265240000297
}