{
  "r": [
    0.5,
    0.6,
    0.7,
    0.8,
    0.9,
    1.0,
    1.1,
    1.2,
    1.3,
    1.4,
    1.5
  ],
  "nll": [
    115.727089,
    58.938468,
    36.487853,
    21.204569,
    11.039019,
    4.604448,
    0.849551,
    -1.000437,
    -1.507807,
    -1.077473,
    0.0
  ],
  "bf": [
    0.000244
  ],
  "time": 0.03359015000000909
}