{
  "r": [
    0.5,
    0.6,
    0.7,
    0.8,
    0.9,
    1.0,
    1.1,
    1.2,
    1.3,
    1.4,
    1.5
  ],
  "nll": [
    117.235073,
    60.446453,
    37.995838,
    22.712554,
    12.547004,
    6.112433,
    2.357536,
    0.507548,
    0.000178,
    0.430512,
    1.507985
  ],
  "bf": [
    1.297954
  ],
  "time": 0.016193982000004326
}