{
  "r": [
    1.0,
    0.5,
    0.52,
    0.54,
    0.56,
    0.58,
    0.6,
    0.62,
    0.64,
    0.66,
    0.68,
    0.7,
    0.72,
    0.74,
    0.76,
    0.78,
    0.8,
    0.82,
    0.84,
    0.86,
    0.88,
    0.9,
    0.92,
    0.94,
    0.96,
    0.98,
    1.02,
    1.04,
    1.06,
    1.08,
    1.1,
    1.12,
    1.14,
    1.16,
    1.18,
    1.2,
    1.22,
    1.24,
    1.26,
    1.28,
    1.3,
    1.32,
    1.34,
    1.36,
    1.38,
    1.4,
    1.42,
    1.44,
    1.46,
    1.48,
    1.5
  ],
  "nll": [
    4.375307,
    45.256605,
    43.413545,
    41.540925,
    39.639882,
    37.712343,
    35.761464,
    33.79195,
    31.810336,
    29.82517,
    27.847032,
    25.887872,
    23.96034,
    22.076816,
    20.248544,
    18.484978,
    16.793623,
    15.180027,
    13.647689,
    12.198984,
    10.834628,
    9.554636,
    8.358221,
    7.244007,
    6.210163,
    5.254684,
    3.569642,
    2.835261,
    2.169694,
    1.570482,
    1.035133,
    0.561342,
    0.146687,
    -0.211238,
    -0.515316,
    -0.767026,
    -0.967548,
    -1.119086,
    -1.223715,
    -1.281928,
    -1.297631,
    -1.276735,
    -1.22404,
    -1.141835,
    -1.030398,
    -0.890372,
    -0.723238,
    -0.529851,
    -0.310999,
    -0.06748,
    0.19987
  ],
  "bf": [
    1.297808
  ],
  "time": 2.2617515430000594
}