{
  "r": [
    0.5,
    0.6,
    0.7,
    0.8,
    0.9,
    1.0,
    1.1,
    1.2,
    1.3,
    1.4,
    1.5
  ],
  "nll": [
    117.235074,
    60.446455,
    37.995842,
    22.712559,
    12.547015,
    6.112433,
    2.357538,
    0.507548,
    0.000178,
    0.430512,
    1.508096
  ],
  "bf": [
    1.298082
  ],
  "time": 0.01457940900036192
}