{
  "r": [
    0.5,
    0.52,
    0.54,
    0.56,
    0.58,
    0.6,
    0.62,
    0.64,
    0.66,
    0.68,
    0.7,
    0.72,
    0.74,
    0.76,
    0.78,
    0.8,
    0.82,
    0.84,
    0.86,
    0.88,
    0.9,
    0.92,
    0.94,
    0.96,
    0.98,
    1.0,
    1.02,
    1.04,
    1.06,
    1.08,
    1.1,
    1.12,
    1.14,
    1.16,
    1.18,
    1.2,
    1.22,
    1.24,
    1.26,
    1.28,
    1.3,
    1.32,
    1.34,
    1.36,
    1.38,
    1.4,
    1.42,
    1.44,
    1.46,
    1.48,
    1.5
  ],
  "nll": [
    16.751916,
    15.326502,
    13.958291,
    12.651537,
    11.409637,
    10.235045,
    9.129348,
    8.093359,
    7.127213,
    6.230481,
    5.402271,
    4.641326,
    3.946053,
    3.313808,
    2.74219,
    2.230188,
    1.776054,
    1.378237,
    1.035168,
    0.745198,
    0.506489,
    0.316932,
    0.174155,
    0.075567,
    0.018443,
    1e-05,
    0.017558,
    0.068525,
    0.150592,
    0.261737,
    0.400276,
    0.564859,
    0.75444,
    0.968216,
    1.205535,
    1.465789,
    1.748264,
    2.051961,
    2.375714,
    2.718729,
    3.080268,
    3.459625,
    3.856121,
    4.269103,
    4.697941,
    5.142026,
    5.600771,
    6.073611,
    6.559997,
    7.059403,
    7.571319
  ],
  "bf": [
    1.0
  ],
  "time": 0.008421416000032877
}