{
  "r": [
    1.0,
    0.5,
    0.52,
    0.54,
    0.56,
    0.58,
    0.6,
    0.62,
    0.64,
    0.66,
    0.68,
    0.7,
    0.72,
    0.74,
    0.76,
    0.78,
    0.8,
    0.82,
    0.84,
    0.86,
    0.88,
    0.9,
    0.92,
    0.94,
    0.96,
    0.98,
    1.02,
    1.04,
    1.06,
    1.08,
    1.1,
    1.12,
    1.14,
    1.16,
    1.18,
    1.2,
    1.22,
    1.24,
    1.26,
    1.28,
    1.3,
    1.32,
    1.34,
    1.36,
    1.38,
    1.4,
    1.42,
    1.44,
    1.46,
    1.48,
    1.5
  ],
  "nll": [
    0.0,
    16.751972,
    15.326637,
    13.958272,
    12.651527,
    11.40963,
    10.235037,
    9.129338,
    8.093347,
    7.127198,
    6.230495,
    5.402256,
    4.641308,
    3.946091,
    3.314848,
    2.74568,
    2.236588,
    1.785518,
    1.390387,
    1.049112,
    0.759627,
    0.5199,
    0.327942,
    0.181819,
    0.079653,
    0.01963,
    0.01908,
    0.07525,
    0.16696,
    0.292721,
    0.451108,
    0.640757,
    0.860364,
    1.108681,
    1.384517,
    1.686732,
    2.014237,
    2.365992,
    2.741004,
    3.138322,
    3.557039,
    3.996196,
    4.455125,
    4.932961,
    5.428945,
    5.942353,
    6.472492,
    7.018696,
    7.580332,
    8.156792,
    8.747492
  ],
  "bf": [
    1.0
  ],
  "time": 2.5561976729999287
}