{
  "r": [
    1.0,
    0.5,
    0.52,
    0.54,
    0.56,
    0.58,
    0.6,
    0.62,
    0.64,
    0.66,
    0.68,
    0.7,
    0.72,
    0.74,
    0.76,
    0.78,
    0.8,
    0.82,
    0.84,
    0.86,
    0.88,
    0.9,
    0.92,
    0.94,
    0.96,
    0.98,
    1.02,
    1.04,
    1.06,
    1.08,
    1.1,
    1.12,
    1.14,
    1.16,
    1.18,
    1.2,
    1.22,
    1.24,
    1.26,
    1.28,
    1.3,
    1.32,
    1.34,
    1.36,
    1.38,
    1.4,
    1.42,
    1.44,
    1.46,
    1.48,
    1.5
  ],
  "nll": [
    3.741619,
    35.190962,
    33.386057,
    31.590673,
    29.811849,
    28.057026,
    26.333662,
    24.648941,
    23.00922,
    21.420261,
    19.886701,
    18.412243,
    16.999369,
    15.65002,
    14.365232,
    13.145324,
    11.990162,
    10.898979,
    9.870934,
    8.904778,
    7.999079,
    7.152268,
    6.362678,
    5.628582,
    4.948217,
    4.31981,
    3.211815,
    2.728759,
    2.290743,
    1.896125,
    1.543315,
    1.230769,
    0.956994,
    0.720549,
    0.520046,
    0.354146,
    0.221564,
    0.120958,
    0.051309,
    0.011399,
    0.000132,
    0.016455,
    0.059356,
    0.127865,
    0.221051,
    0.338022,
    0.47792,
    0.639922,
    0.82324,
    1.027114,
    1.250818
  ],
  "bf": [
    1.298019
  ],
  "time": 2.2332768280000437
}