{
  "r": [
    0.5,
    0.52,
    0.54,
    0.56,
    0.58,
    0.6,
    0.62,
    0.64,
    0.66,
    0.68,
    0.7,
    0.72,
    0.74,
    0.76,
    0.78,
    0.8,
    0.82,
    0.84,
    0.86,
    0.88,
    0.9,
    0.92,
    0.94,
    0.96,
    0.98,
    1.0,
    1.02,
    1.04,
    1.06,
    1.08,
    1.1,
    1.12,
    1.14,
    1.16,
    1.18,
    1.2,
    1.22,
    1.24,
    1.26,
    1.28,
    1.3,
    1.32,
    1.34,
    1.36,
    1.38,
    1.4,
    1.42,
    1.44,
    1.46,
    1.48,
    1.5
  ],
  "nll": [
    35.190968,
    33.386047,
    31.590799,
    29.81189,
    28.057026,
    26.333698,
    24.648889,
    23.009234,
    21.420346,
    19.886719,
    18.412163,
    16.999342,
    15.650026,
    14.365246,
    13.145331,
    11.990134,
    10.898971,
    9.870986,
    8.904773,
    7.999074,
    7.152263,
    6.362682,
    5.62858,
    4.94786,
    4.318178,
    3.738009,
    3.206056,
    2.721007,
    2.281457,
    1.885895,
    1.532442,
    1.219221,
    0.944852,
    0.708232,
    0.508266,
    0.343772,
    0.213364,
    0.115525,
    0.048547,
    0.01069,
    0.000122,
    0.015127,
    0.054,
    0.115284,
    0.197608,
    0.299919,
    0.421266,
    0.561004,
    0.718544,
    0.893519,
    1.085528
  ],
  "bf": [
    1.298446
  ],
  "time": 0.011734178999972755
}