{
  "r": [
    1.0,
    0.5,
    0.52,
    0.54,
    0.56,
    0.58,
    0.6,
    0.62,
    0.64,
    0.66,
    0.68,
    0.7,
    0.72,
    0.74,
    0.76,
    0.78,
    0.8,
    0.82,
    0.84,
    0.86,
    0.88,
    0.9,
    0.92,
    0.94,
    0.96,
    0.98,
    1.02,
    1.04,
    1.06,
    1.08,
    1.1,
    1.12,
    1.14,
    1.16,
    1.18,
    1.2,
    1.22,
    1.24,
    1.26,
    1.28,
    1.3,
    1.32,
    1.34,
    1.36,
    1.38,
    1.4,
    1.42,
    1.44,
    1.46,
    1.48,
    1.5
  ],
  "nll": [
    -1.0,
    9.66859,
    8.719075,
    7.823555,
    6.980502,
    6.188417,
    5.445829,
    4.751293,
    4.103397,
    3.50076,
    2.942031,
    2.425895,
    1.951068,
    1.516299,
    1.120372,
    0.762101,
    0.440336,
    0.153959,
    -0.098106,
    -0.316942,
    -0.50355,
    -0.658925,
    -0.784031,
    -0.879801,
    -0.947124,
    -0.986922,
    -0.987192,
    -0.949285,
    -0.887022,
    -0.801304,
    -0.692675,
    -0.561899,
    -0.409652,
    -0.236591,
    -0.04335,
    0.169458,
    0.401217,
    0.651381,
    0.919381,
    1.204678,
    1.506748,
    1.825085,
    2.1592,
    2.508619,
    2.872882,
    3.251544,
    3.644176,
    4.050359,
    4.46969,
    4.901777,
    5.346242
  ],
  "bf": [
    1.0
  ],
  "time": 2.2312604640000018
}