{
  "r": [
    0.5,
    0.6,
    0.7,
    0.8,
    0.9,
    1.0,
    1.1,
    1.2,
    1.3,
    1.4,
    1.5
  ],
  "nll": [
    10.66859,
    6.44583,
    3.425896,
    1.440336,
    0.341074,
    0.0,
    0.307324,
    1.169445,
    2.506747,
    4.251544,
    6.346241
  ],
  "bf": [
    1.0
  ],
  "time": 0.001730299999962881
}