{
  "r": [
    1.0,
    0.5,
    0.6,
    0.7,
    0.8,
    0.9,
    1.1,
    1.2,
    1.3,
    1.4,
    1.5
  ],
  "nll": [
    0.0,
    10.66859,
    6.445829,
    3.425895,
    1.440336,
    0.341075,
    0.307325,
    1.169458,
    2.506748,
    4.251544,
    6.346242
  ],
  "bf": [
    1.0
  ],
  "time": 2.214843391000045
}