{
  "r": [
    0.5,
    0.6,
    0.7,
    0.8,
    0.9,
    1.0,
    1.1,
    1.2,
    1.3,
    1.4,
    1.5
  ],
  "nll": [
    4.322349,
    0.099589,
    -2.920345,
    -4.905905,
    -6.005167,
    -6.346241,
    -6.038917,
    -5.176796,
    -3.839494,
    -2.094697,
    0.0
  ],
  "bf": [
    1.0
  ],
  "time": 0.004199419000087801
}