{
  "r": [
    1.0,
    0.5,
    0.6,
    0.7,
    0.8,
    0.9,
    1.1,
    1.2,
    1.3,
    1.4,
    1.5
  ],
  "nll": [
    1.119441,
    20.994631,
    14.900236,
    9.998217,
    6.150318,
    3.229033,
    -0.280459,
    -1.060318,
    -1.298436,
    -1.062962,
    -0.4131
  ],
  "bf": [
    1.298527
  ],
  "time": 2.2154626279999547
}