{
  "r": [
    1.0,
    0.5,
    0.6,
    0.7,
    0.8,
    0.9,
    1.1,
    1.2,
    1.3,
    1.4,
    1.5
  ],
  "nll": [
    2.417942,
    22.293132,
    16.198737,
    11.296718,
    7.448819,
    4.527534,
    1.018042,
    0.238183,
    6.5e-05,
    0.235539,
    0.885401
  ],
  "bf": [
    1.298527
  ],
  "time": 2.1961643390000063
}