{
  "r": [
    1.0,
    0.5,
    0.52,
    0.54,
    0.56,
    0.58,
    0.6,
    0.62,
    0.64,
    0.66,
    0.68,
    0.7,
    0.72,
    0.74,
    0.76,
    0.78,
    0.8,
    0.82,
    0.84,
    0.86,
    0.88,
    0.9,
    0.92,
    0.94,
    0.96,
    0.98,
    1.02,
    1.04,
    1.06,
    1.08,
    1.1,
    1.12,
    1.14,
    1.16,
    1.18,
    1.2,
    1.22,
    1.24,
    1.26,
    1.28,
    1.3,
    1.32,
    1.34,
    1.36,
    1.38,
    1.4,
    1.42,
    1.44,
    1.46,
    1.48,
    1.5
  ],
  "nll": [
    1.119441,
    20.994631,
    19.673457,
    18.404597,
    17.186883,
    16.019149,
    14.900236,
    13.828996,
    12.80429,
    11.824997,
    10.890004,
    9.998217,
    9.14856,
    8.339973,
    7.571415,
    6.841864,
    6.150318,
    5.495796,
    4.877356,
    4.294007,
    3.744867,
    3.229033,
    2.745627,
    2.293791,
    1.87271,
    1.481504,
    0.785728,
    0.479624,
    0.200341,
    -0.052781,
    -0.280459,
    -0.483372,
    -0.662178,
    -0.817521,
    -0.950025,
    -1.060318,
    -1.148962,
    -1.216544,
    -1.263623,
    -1.290745,
    -1.298436,
    -1.287213,
    -1.257575,
    -1.210008,
    -1.144984,
    -1.062962,
    -0.964391,
    -0.849702,
    -0.719319,
    -0.573652,
    -0.4131
  ],
  "bf": [
    1.298527
  ],
  "time": 2.242034712000077
}