{
  "r": [
    1.0,
    0.5,
    0.6,
    0.7,
    0.8,
    0.9,
    1.1,
    1.2,
    1.3,
    1.4,
    1.5
  ],
  "nll": [
    2.417968,
    22.293158,
    16.198763,
    11.296744,
    7.448845,
    4.52756,
    1.018068,
    0.238209,
    9.1e-05,
    0.235565,
    0.885427
  ],
  "bf": [
    1.298527
  ],
  "time": 2.256774688000064
}