{
  "r": [
    0.5,
    0.6,
    0.7,
    0.8,
    0.9,
    1.0,
    1.1,
    1.2,
    1.3,
    1.4,
    1.5
  ],
  "nll": [
    22.293136,
    16.198741,
    11.296722,
    7.448823,
    4.527542,
    2.417946,
    1.018044,
    0.238186,
    6.8e-05,
    0.235684,
    0.885553
  ],
  "bf": [
    1.29884
  ],
  "time": 0.007286983999961194
}