{
  "r": [
    0.5,
    0.6,
    0.7,
    0.8,
    0.9,
    1.0,
    1.1,
    1.2,
    1.3,
    1.4,
    1.5
  ],
  "nll": [
    22.293158,
    16.198763,
    11.296744,
    7.448846,
    4.527559,
    2.417968,
    1.018067,
    0.238209,
    9e-05,
    0.235565,
    0.885427
  ],
  "bf": [
    1.298046
  ],
  "time": 0.0171621370000139
}