{
  "r": [
    0.5,
    0.6,
    0.7,
    0.8,
    0.9,
    1.0,
    1.1,
    1.2,
    1.3,
    1.4,
    1.5
  ],
  "nll": [
    21.407732,
    15.313336,
    10.411317,
    6.563419,
    3.642133,
    1.532541,
    0.13264,
    -0.647218,
    -0.885336,
    -0.649862,
    0.0
  ],
  "bf": [
    1.298046
  ],
  "time": 0.022899998999946547
}